<?xml version="1.0" encoding="utf-8"?>
<!-- Created by ModBuddy on 1/27/2013 12:16:02 PM -->
<GameData>
	<Leaders>
		<Row>
			<Type>LEADER_DAENERYS</Type>
			<Description>TXT_KEY_LEADER_DAENERYS</Description>
			<Civilopedia>TXT_KEY_LEADER_DAENERYS_PEDIA</Civilopedia>
			<CivilopediaTag>TXT_KEY_CIVILOPEDIA_LEADERS_DAENERYS</CivilopediaTag>
			<ArtDefineTag>Daenerys_Scene.xml</ArtDefineTag>
			<VictoryCompetitiveness>8</VictoryCompetitiveness>
			<WonderCompetitiveness>7</WonderCompetitiveness>
			<MinorCivCompetitiveness>3</MinorCivCompetitiveness>
			<Boldness>8</Boldness>
			<DiploBalance>3</DiploBalance>
			<WarmongerHate>2</WarmongerHate>
			<DenounceWillingness>7</DenounceWillingness>
			<DoFWillingness>4</DoFWillingness>
			<Loyalty>4</Loyalty>
			<Neediness>4</Neediness>
			<Forgiveness>5</Forgiveness>
			<Chattiness>7</Chattiness>
			<Meanness>7</Meanness>
			<PortraitIndex>0</PortraitIndex>
			<IconAtlas>LEADER_ATLAS_DAENERYS</IconAtlas>
		</Row>
	</Leaders>
	<Leader_MajorCivApproachBiases>
		<Row>
			<LeaderType>LEADER_DAENERYS</LeaderType>
			<MajorCivApproachType>MAJOR_CIV_APPROACH_WAR</MajorCivApproachType>
			<Bias>6</Bias>
		</Row>
		<Row>
			<LeaderType>LEADER_DAENERYS</LeaderType>
			<MajorCivApproachType>MAJOR_CIV_APPROACH_HOSTILE</MajorCivApproachType>
			<Bias>7</Bias>
		</Row>
		<Row>
			<LeaderType>LEADER_DAENERYS</LeaderType>
			<MajorCivApproachType>MAJOR_CIV_APPROACH_DECEPTIVE</MajorCivApproachType>
			<Bias>4</Bias>
		</Row>
		<Row>
			<LeaderType>LEADER_DAENERYS</LeaderType>
			<MajorCivApproachType>MAJOR_CIV_APPROACH_GUARDED</MajorCivApproachType>
			<Bias>5</Bias>
		</Row>
		<Row>
			<LeaderType>LEADER_DAENERYS</LeaderType>
			<MajorCivApproachType>MAJOR_CIV_APPROACH_AFRAID</MajorCivApproachType>
			<Bias>3</Bias>
		</Row>
		<Row>
			<LeaderType>LEADER_DAENERYS</LeaderType>
			<MajorCivApproachType>MAJOR_CIV_APPROACH_FRIENDLY</MajorCivApproachType>
			<Bias>5</Bias>
		</Row>
		<Row>
			<LeaderType>LEADER_DAENERYS</LeaderType>
			<MajorCivApproachType>MAJOR_CIV_APPROACH_NEUTRAL</MajorCivApproachType>
			<Bias>4</Bias>
		</Row>
	</Leader_MajorCivApproachBiases>
	<Leader_MinorCivApproachBiases>
		<Row>
			<LeaderType>LEADER_DAENERYS</LeaderType>
			<MinorCivApproachType>MINOR_CIV_APPROACH_IGNORE</MinorCivApproachType>
			<Bias>4</Bias>
		</Row>
		<Row>
			<LeaderType>LEADER_DAENERYS</LeaderType>
			<MinorCivApproachType>MINOR_CIV_APPROACH_FRIENDLY</MinorCivApproachType>
			<Bias>5</Bias>
		</Row>
		<Row>
			<LeaderType>LEADER_DAENERYS</LeaderType>
			<MinorCivApproachType>MINOR_CIV_APPROACH_PROTECTIVE</MinorCivApproachType>
			<Bias>8</Bias>
		</Row>
		<Row>
			<LeaderType>LEADER_DAENERYS</LeaderType>
			<MinorCivApproachType>MINOR_CIV_APPROACH_CONQUEST</MinorCivApproachType>
			<Bias>4</Bias>
		</Row>
		<Row>
			<LeaderType>LEADER_DAENERYS</LeaderType>
			<MinorCivApproachType>MINOR_CIV_APPROACH_BULLY</MinorCivApproachType>
			<Bias>3</Bias>
		</Row>
	</Leader_MinorCivApproachBiases>
	<Leader_Flavors>
		<Row>
			<LeaderType>LEADER_DAENERYS</LeaderType>
			<FlavorType>FLAVOR_OFFENSE</FlavorType>
			<Flavor>8</Flavor>
		</Row>
		<Row>
			<LeaderType>LEADER_DAENERYS</LeaderType>
			<FlavorType>FLAVOR_DEFENSE</FlavorType>
			<Flavor>5</Flavor>
		</Row>
		<Row>
			<LeaderType>LEADER_DAENERYS</LeaderType>
			<FlavorType>FLAVOR_CITY_DEFENSE</FlavorType>
			<Flavor>5</Flavor>
		</Row>
		<Row>
			<LeaderType>LEADER_DAENERYS</LeaderType>
			<FlavorType>FLAVOR_MILITARY_TRAINING</FlavorType>
			<Flavor>5</Flavor>
		</Row>
		<Row>
			<LeaderType>LEADER_DAENERYS</LeaderType>
			<FlavorType>FLAVOR_RECON</FlavorType>
			<Flavor>5</Flavor>
		</Row>
		<Row>
			<LeaderType>LEADER_DAENERYS</LeaderType>
			<FlavorType>FLAVOR_RANGED</FlavorType>
			<Flavor>3</Flavor>
		</Row>
		<Row>
			<LeaderType>LEADER_DAENERYS</LeaderType>
			<FlavorType>FLAVOR_MOBILE</FlavorType>
			<Flavor>8</Flavor>
		</Row>
		<Row>
			<LeaderType>LEADER_DAENERYS</LeaderType>
			<FlavorType>FLAVOR_NAVAL</FlavorType>
			<Flavor>5</Flavor>
		</Row>
		<Row>
			<LeaderType>LEADER_DAENERYS</LeaderType>
			<FlavorType>FLAVOR_NAVAL_RECON</FlavorType>
			<Flavor>5</Flavor>
		</Row>
		<Row>
			<LeaderType>LEADER_DAENERYS</LeaderType>
			<FlavorType>FLAVOR_NAVAL_GROWTH</FlavorType>
			<Flavor>6</Flavor>
		</Row>
		<Row>
			<LeaderType>LEADER_DAENERYS</LeaderType>
			<FlavorType>FLAVOR_NAVAL_TILE_IMPROVEMENT</FlavorType>
			<Flavor>6</Flavor>
		</Row>
		<Row>
			<LeaderType>LEADER_DAENERYS</LeaderType>
			<FlavorType>FLAVOR_AIR</FlavorType>
			<Flavor>3</Flavor>
		</Row>
		<Row>
			<LeaderType>LEADER_DAENERYS</LeaderType>
			<FlavorType>FLAVOR_EXPANSION</FlavorType>
			<Flavor>8</Flavor>
		</Row>
		<Row>
			<LeaderType>LEADER_DAENERYS</LeaderType>
			<FlavorType>FLAVOR_GROWTH</FlavorType>
			<Flavor>4</Flavor>
		</Row>
		<Row>
			<LeaderType>LEADER_DAENERYS</LeaderType>
			<FlavorType>FLAVOR_TILE_IMPROVEMENT</FlavorType>
			<Flavor>4</Flavor>
		</Row>
		<Row>
			<LeaderType>LEADER_DAENERYS</LeaderType>
			<FlavorType>FLAVOR_INFRASTRUCTURE</FlavorType>
			<Flavor>4</Flavor>
		</Row>
		<Row>
			<LeaderType>LEADER_DAENERYS</LeaderType>
			<FlavorType>FLAVOR_PRODUCTION</FlavorType>
			<Flavor>5</Flavor>
		</Row>
		<Row>
			<LeaderType>LEADER_DAENERYS</LeaderType>
			<FlavorType>FLAVOR_GOLD</FlavorType>
			<Flavor>3</Flavor>
		</Row>
		<Row>
			<LeaderType>LEADER_DAENERYS</LeaderType>
			<FlavorType>FLAVOR_SCIENCE</FlavorType>
			<Flavor>6</Flavor>
		</Row>
		<Row>
			<LeaderType>LEADER_DAENERYS</LeaderType>
			<FlavorType>FLAVOR_CULTURE</FlavorType>
			<Flavor>7</Flavor>
		</Row>
		<Row>
			<LeaderType>LEADER_DAENERYS</LeaderType>
			<FlavorType>FLAVOR_HAPPINESS</FlavorType>
			<Flavor>5</Flavor>
		</Row>
		<Row>
			<LeaderType>LEADER_DAENERYS</LeaderType>
			<FlavorType>FLAVOR_GREAT_PEOPLE</FlavorType>
			<Flavor>6</Flavor>
		</Row>
		<Row>
			<LeaderType>LEADER_DAENERYS</LeaderType>
			<FlavorType>FLAVOR_WONDER</FlavorType>
			<Flavor>6</Flavor>
		</Row>
		<Row>
			<LeaderType>LEADER_DAENERYS</LeaderType>
			<FlavorType>FLAVOR_RELIGION</FlavorType>
			<Flavor>5</Flavor>
		</Row>
		<Row>
			<LeaderType>LEADER_DAENERYS</LeaderType>
			<FlavorType>FLAVOR_DIPLOMACY</FlavorType>
			<Flavor>9</Flavor>
		</Row>
		<Row>
			<LeaderType>LEADER_DAENERYS</LeaderType>
			<FlavorType>FLAVOR_SPACESHIP</FlavorType>
			<Flavor>7</Flavor>
		</Row>
		<Row>
			<LeaderType>LEADER_DAENERYS</LeaderType>
			<FlavorType>FLAVOR_WATER_CONNECTION</FlavorType>
			<Flavor>6</Flavor>
		</Row>
		<Row>
			<LeaderType>LEADER_DAENERYS</LeaderType>
			<FlavorType>FLAVOR_NUKE</FlavorType>
			<Flavor>7</Flavor>
		</Row>
		<Row>
			<LeaderType>LEADER_DAENERYS</LeaderType>
			<FlavorType>FLAVOR_USE_NUKE</FlavorType>
			<Flavor>5</Flavor>
		</Row>
		<Row>
			<LeaderType>LEADER_DAENERYS</LeaderType>
			<FlavorType>FLAVOR_ESPIONAGE</FlavorType>
			<Flavor>5</Flavor>
		</Row>
		<Row>
			<LeaderType>LEADER_DAENERYS</LeaderType>
			<FlavorType>FLAVOR_ANTIAIR</FlavorType>
			<Flavor>5</Flavor>
		</Row>
		<Row>
			<LeaderType>LEADER_DAENERYS</LeaderType>
			<FlavorType>FLAVOR_AIR_CARRIER</FlavorType>
			<Flavor>5</Flavor>
		</Row>
	</Leader_Flavors>
	<Leader_Traits>
		<Row>
			<LeaderType>LEADER_DAENERYS</LeaderType>
			<TraitType>TRAIT_DRAGONBLOOD</TraitType>
		</Row>
	</Leader_Traits>
</GameData>