<?xml version="1.0" encoding="utf-8"?>
<!-- Created by ModBuddy on 10/18/2012 7:13:54 PM -->
<GameData>
	<Leaders>
		<Row>
			<Type>LEADER_DROGO</Type>
			<Description>TXT_KEY_LEADER_DROGO</Description>
			<Civilopedia>TXT_KEY_LEADER_DROGO_PEDIA</Civilopedia>
			<CivilopediaTag>TXT_KEY_CIVILOPEDIA_LEADERS_DROGO</CivilopediaTag>
			<ArtDefineTag>Drogo_Scene.xml</ArtDefineTag>
			<VictoryCompetitiveness>8</VictoryCompetitiveness>
			<WonderCompetitiveness>4</WonderCompetitiveness>
			<MinorCivCompetitiveness>3</MinorCivCompetitiveness>
			<Boldness>8</Boldness>
			<DiploBalance>4</DiploBalance>
			<WarmongerHate>4</WarmongerHate>
			<DenounceWillingness>5</DenounceWillingness>
			<DoFWillingness>5</DoFWillingness>
			<Loyalty>7</Loyalty>
			<Neediness>5</Neediness>
			<Forgiveness>3</Forgiveness>
			<Chattiness>5</Chattiness>
			<Meanness>6</Meanness>
			<PortraitIndex>0</PortraitIndex>
			<IconAtlas>LEADER_ATLAS_DROGO</IconAtlas>
		</Row>
	</Leaders>
	<Leader_MajorCivApproachBiases>
		<Row>
			<LeaderType>LEADER_DROGO</LeaderType>
			<MajorCivApproachType>MAJOR_CIV_APPROACH_WAR</MajorCivApproachType>
			<Bias>7</Bias>
		</Row>
		<Row>
			<LeaderType>LEADER_DROGO</LeaderType>
			<MajorCivApproachType>MAJOR_CIV_APPROACH_HOSTILE</MajorCivApproachType>
			<Bias>6</Bias>
		</Row>
		<Row>
			<LeaderType>LEADER_DROGO</LeaderType>
			<MajorCivApproachType>MAJOR_CIV_APPROACH_DECEPTIVE</MajorCivApproachType>
			<Bias>3</Bias>
		</Row>
		<Row>
			<LeaderType>LEADER_DROGO</LeaderType>
			<MajorCivApproachType>MAJOR_CIV_APPROACH_GUARDED</MajorCivApproachType>
			<Bias>4</Bias>
		</Row>
		<Row>
			<LeaderType>LEADER_DROGO</LeaderType>
			<MajorCivApproachType>MAJOR_CIV_APPROACH_AFRAID</MajorCivApproachType>
			<Bias>2</Bias>
		</Row>
		<Row>
			<LeaderType>LEADER_DROGO</LeaderType>
			<MajorCivApproachType>MAJOR_CIV_APPROACH_FRIENDLY</MajorCivApproachType>
			<Bias>6</Bias>
		</Row>
		<Row>
			<LeaderType>LEADER_DROGO</LeaderType>
			<MajorCivApproachType>MAJOR_CIV_APPROACH_NEUTRAL</MajorCivApproachType>
			<Bias>5</Bias>
		</Row>
	</Leader_MajorCivApproachBiases>
	<Leader_MinorCivApproachBiases>
		<Row>
			<LeaderType>LEADER_DROGO</LeaderType>
			<MinorCivApproachType>MINOR_CIV_APPROACH_IGNORE</MinorCivApproachType>
			<Bias>3</Bias>
		</Row>
		<Row>
			<LeaderType>LEADER_DROGO</LeaderType>
			<MinorCivApproachType>MINOR_CIV_APPROACH_FRIENDLY</MinorCivApproachType>
			<Bias>3</Bias>
		</Row>
		<Row>
			<LeaderType>LEADER_DROGO</LeaderType>
			<MinorCivApproachType>MINOR_CIV_APPROACH_PROTECTIVE</MinorCivApproachType>
			<Bias>3</Bias>
		</Row>
		<Row>
			<LeaderType>LEADER_DROGO</LeaderType>
			<MinorCivApproachType>MINOR_CIV_APPROACH_CONQUEST</MinorCivApproachType>
			<Bias>8</Bias>
		</Row>
		<Row>
			<LeaderType>LEADER_DROGO</LeaderType>
			<MinorCivApproachType>MINOR_CIV_APPROACH_BULLY</MinorCivApproachType>
			<Bias>6</Bias>
		</Row>
	</Leader_MinorCivApproachBiases>
	<Leader_Flavors>
		<Row>
			<LeaderType>LEADER_DROGO</LeaderType>
			<FlavorType>FLAVOR_OFFENSE</FlavorType>
			<Flavor>8</Flavor>
		</Row>
		<Row>
			<LeaderType>LEADER_DROGO</LeaderType>
			<FlavorType>FLAVOR_DEFENSE</FlavorType>
			<Flavor>3</Flavor>
		</Row>
		<Row>
			<LeaderType>LEADER_DROGO</LeaderType>
			<FlavorType>FLAVOR_CITY_DEFENSE</FlavorType>
			<Flavor>5</Flavor>
		</Row>
		<Row>
			<LeaderType>LEADER_DROGO</LeaderType>
			<FlavorType>FLAVOR_MILITARY_TRAINING</FlavorType>
			<Flavor>6</Flavor>
		</Row>
		<Row>
			<LeaderType>LEADER_DROGO</LeaderType>
			<FlavorType>FLAVOR_RECON</FlavorType>
			<Flavor>6</Flavor>
		</Row>
		<Row>
			<LeaderType>LEADER_DROGO</LeaderType>
			<FlavorType>FLAVOR_RANGED</FlavorType>
			<Flavor>7</Flavor>
		</Row>
		<Row>
			<LeaderType>LEADER_DROGO</LeaderType>
			<FlavorType>FLAVOR_MOBILE</FlavorType>
			<Flavor>8</Flavor>
		</Row>
		<Row>
			<LeaderType>LEADER_DROGO</LeaderType>
			<FlavorType>FLAVOR_NAVAL</FlavorType>
			<Flavor>5</Flavor>
		</Row>
		<Row>
			<LeaderType>LEADER_DROGO</LeaderType>
			<FlavorType>FLAVOR_NAVAL_RECON</FlavorType>
			<Flavor>5</Flavor>
		</Row>
		<Row>
			<LeaderType>LEADER_DROGO</LeaderType>
			<FlavorType>FLAVOR_NAVAL_GROWTH</FlavorType>
			<Flavor>5</Flavor>
		</Row>
		<Row>
			<LeaderType>LEADER_DROGO</LeaderType>
			<FlavorType>FLAVOR_NAVAL_TILE_IMPROVEMENT</FlavorType>
			<Flavor>7</Flavor>
		</Row>
		<Row>
			<LeaderType>LEADER_DROGO</LeaderType>
			<FlavorType>FLAVOR_AIR</FlavorType>
			<Flavor>5</Flavor>
		</Row>
		<Row>
			<LeaderType>LEADER_DROGO</LeaderType>
			<FlavorType>FLAVOR_EXPANSION</FlavorType>
			<Flavor>8</Flavor>
		</Row>
		<Row>
			<LeaderType>LEADER_DROGO</LeaderType>
			<FlavorType>FLAVOR_GROWTH</FlavorType>
			<Flavor>5</Flavor>
		</Row>
		<Row>
			<LeaderType>LEADER_DROGO</LeaderType>
			<FlavorType>FLAVOR_TILE_IMPROVEMENT</FlavorType>
			<Flavor>5</Flavor>
		</Row>
		<Row>
			<LeaderType>LEADER_DROGO</LeaderType>
			<FlavorType>FLAVOR_INFRASTRUCTURE</FlavorType>
			<Flavor>3</Flavor>
		</Row>
		<Row>
			<LeaderType>LEADER_DROGO</LeaderType>
			<FlavorType>FLAVOR_PRODUCTION</FlavorType>
			<Flavor>6</Flavor>
		</Row>
		<Row>
			<LeaderType>LEADER_DROGO</LeaderType>
			<FlavorType>FLAVOR_GOLD</FlavorType>
			<Flavor>6</Flavor>
		</Row>
		<Row>
			<LeaderType>LEADER_DROGO</LeaderType>
			<FlavorType>FLAVOR_SCIENCE</FlavorType>
			<Flavor>4</Flavor>
		</Row>
		<Row>
			<LeaderType>LEADER_DROGO</LeaderType>
			<FlavorType>FLAVOR_CULTURE</FlavorType>
			<Flavor>5</Flavor>
		</Row>
		<Row>
			<LeaderType>LEADER_DROGO</LeaderType>
			<FlavorType>FLAVOR_HAPPINESS</FlavorType>
			<Flavor>5</Flavor>
		</Row>
		<Row>
			<LeaderType>LEADER_DROGO</LeaderType>
			<FlavorType>FLAVOR_GREAT_PEOPLE</FlavorType>
			<Flavor>5</Flavor>
		</Row>
		<Row>
			<LeaderType>LEADER_DROGO</LeaderType>
			<FlavorType>FLAVOR_WONDER</FlavorType>
			<Flavor>3</Flavor>
		</Row>
		<Row>
			<LeaderType>LEADER_DROGO</LeaderType>
			<FlavorType>FLAVOR_RELIGION</FlavorType>
			<Flavor>3</Flavor>
		</Row>
		<Row>
			<LeaderType>LEADER_DROGO</LeaderType>
			<FlavorType>FLAVOR_DIPLOMACY</FlavorType>
			<Flavor>3</Flavor>
		</Row>
		<Row>
			<LeaderType>LEADER_DROGO</LeaderType>
			<FlavorType>FLAVOR_SPACESHIP</FlavorType>
			<Flavor>5</Flavor>
		</Row>
		<Row>
			<LeaderType>LEADER_DROGO</LeaderType>
			<FlavorType>FLAVOR_WATER_CONNECTION</FlavorType>
			<Flavor>5</Flavor>
		</Row>
		<Row>
			<LeaderType>LEADER_DROGO</LeaderType>
			<FlavorType>FLAVOR_NUKE</FlavorType>
			<Flavor>7</Flavor>
		</Row>
		<Row>
			<LeaderType>LEADER_DROGO</LeaderType>
			<FlavorType>FLAVOR_USE_NUKE</FlavorType>
			<Flavor>7</Flavor>
		</Row>
		<Row>
			<LeaderType>LEADER_DROGO</LeaderType>
			<FlavorType>FLAVOR_ESPIONAGE</FlavorType>
			<Flavor>5</Flavor>
		</Row>
		<Row>
			<LeaderType>LEADER_DROGO</LeaderType>
			<FlavorType>FLAVOR_ANTIAIR</FlavorType>
			<Flavor>5</Flavor>
		</Row>
		<Row>
			<LeaderType>LEADER_DROGO</LeaderType>
			<FlavorType>FLAVOR_AIR_CARRIER</FlavorType>
			<Flavor>5</Flavor>
		</Row>
	</Leader_Flavors>
	<Leader_Traits>
		<Row>
			<LeaderType>LEADER_DROGO</LeaderType>
			<TraitType>TRAIT_BLOOD</TraitType>
		</Row>
	</Leader_Traits>
<!--
	<Diplomacy_Responses>
		<Row LeaderType="LEADER_DROGO">
			<ResponseType>RESPONSE_FIRST_GREETING</ResponseType>
			<Response>TXT_KEY_LEADER_DROGO_FIRSTGREETING%</Response>
		</Row>
		<Row LeaderType="LEADER_DROGO">
			<ResponseType>RESPONSE_DEFEATED</ResponseType>
			<Response>TXT_KEY_LEADER_DROGO_DEFEATED%</Response>
		</Row>
		<Row LeaderType="LEADER_DROGO">
			<ResponseType>RESPONSE_GREETING_POLITE_HELLO</ResponseType>
			<Response>TXT_KEY_LEADER_DROGO_GREETING_POLITE_HELLO%</Response>
		</Row>
		<Row LeaderType="LEADER_DROGO">
			<ResponseType>RESPONSE_GREETING_NEUTRAL_HELLO</ResponseType>
			<Response>TXT_KEY_LEADER_DROGO_GREETING_NEUTRAL_HELLO%</Response>
		</Row>
		<Row LeaderType="LEADER_DROGO">
			<ResponseType>RESPONSE_GREETING_HOSTILE_HELLO</ResponseType>
			<Response>TXT_KEY_LEADER_DROGO_GREETING_HOSTILE_HELLO%</Response>
		</Row>
		<Row LeaderType="LEADER_DROGO">
			<ResponseType>RESPONSE_SAME_POLICIES_FREEDOM</ResponseType>
			<Response>TXT_KEY_LEADER_DROGO_SAME_POLICIES_FREEDOM%</Response>
		</Row>
		<Row LeaderType="LEADER_DROGO">
			<ResponseType>RESPONSE_SAME_POLICIES_ORDER</ResponseType>
			<Response>TXT_KEY_LEADER_DROGO_SAME_POLICIES_ORDER%</Response>
		</Row>
		<Row LeaderType="LEADER_DROGO">
			<ResponseType>RESPONSE_SAME_POLICIES_AUTOCRACY</ResponseType>
			<Response>TXT_KEY_LEADER_DROGO_SAME_POLICIES_AUTOCRACY%</Response>
		</Row>
		<Row LeaderType="LEADER_DROGO">
			<ResponseType>RESPONSE_HOSTILE_AGGRESSIVE_MILITARY_WARNING</ResponseType>
			<Response>TXT_KEY_LEADER_DROGO_HOSTILE_AGGRESSIVE_MILITARY_WARNING%</Response>
		</Row>
		<Row LeaderType="LEADER_DROGO">
			<ResponseType>RESPONSE_BULLIED_PROTECTED_CITY_STATE</ResponseType>
			<Response>TXT_KEY_LEADER_DROGO_BULLIED_PROTECTED_CITY_STATE%</Response>
		</Row>
		<Row LeaderType="LEADER_DROGO">
			<ResponseType>RESPONSE_EXPANSION_SERIOUS_WARNING</ResponseType>
			<Response>TXT_KEY_LEADER_DROGO_EXPANSION_SERIOUS_WARNING%</Response>
		</Row>
		<Row LeaderType="LEADER_DROGO">
			<ResponseType>RESPONSE_HOSTILE_WE_BULLIED_YOUR_MINOR</ResponseType>
			<Response>TXT_KEY_LEADER_DROGO_HOSTILE_WE_BULLIED_YOUR_MINOR%</Response>
		</Row>
		<Row LeaderType="LEADER_DROGO">
			<ResponseType>RESPONSE_WE_BULLIED_YOUR_MINOR</ResponseType>
			<Response>TXT_KEY_LEADER_DROGO_WE_BULLIED_YOUR_MINOR%</Response>
		</Row>
		<Row LeaderType="LEADER_DROGO">
			<ResponseType>RESPONSE_REQUEST</ResponseType>
			<Response>TXT_KEY_LEADER_DROGO_REQUEST%</Response>
		</Row>
		<Row LeaderType="LEADER_DROGO">
			<ResponseType>RESPONSE_LUXURY_TRADE</ResponseType>
			<Response>TXT_KEY_LEADER_DROGO_LUXURY_TRADE%</Response>
		</Row>
		<Row LeaderType="LEADER_DROGO">
			<ResponseType>RESPONSE_EMBASSY_EXCHANGE</ResponseType>
			<Response>TXT_KEY_LEADER_DROGO_EMBASSY_EXCHANGE%</Response>
		</Row>
		<Row LeaderType="LEADER_DROGO">
			<ResponseType>RESPONSE_EMBASSY_OFFER</ResponseType>
			<Response>TXT_KEY_LEADER_DROGO_EMBASSY_OFFER%</Response>
		</Row>
		<Row LeaderType="LEADER_DROGO">
			<ResponseType>RESPONSE_OPEN_BORDERS_EXCHANGE</ResponseType>
			<Response>TXT_KEY_LEADER_DROGO_OPEN_BORDERS_EXCHANGE%</Response>
		</Row>
		<Row LeaderType="LEADER_DROGO">
			<ResponseType>RESPONSE_RENEW_DEAL</ResponseType>
			<Response>TXT_KEY_LEADER_DROGO_RENEW_DEAL%</Response>
		</Row>
		<Row LeaderType="LEADER_DROGO">
			<ResponseType>RESPONSE_WANT_MORE_RENEW_DEAL</ResponseType>
			<Response>TXT_KEY_LEADER_DROGO_WANT_MORE_RENEW_DEAL%</Response>
		</Row>
		<Row LeaderType="LEADER_DROGO">
			<ResponseType>RESPONSE_HOSTILE_WE_BULLIED_MINOR_BAD</ResponseType>
			<Response>TXT_KEY_LEADER_DROGO_HOSTILE_WE_BULLIED_MINOR_BAD%</Response>
		</Row>
		<Row LeaderType="LEADER_DROGO">
			<ResponseType>RESPONSE_HOSTILE_WE_BULLIED_MINOR_GOOD</ResponseType>
			<Response>TXT_KEY_LEADER_DROGO_HOSTILE_WE_BULLIED_MINOR_GOOD%</Response>
		</Row>
		<Row LeaderType="LEADER_DROGO">
			<ResponseType>RESPONSE_WE_BULLIED_MINOR_BAD</ResponseType>
			<Response>TXT_KEY_LEADER_DROGO_WE_BULLIED_MINOR_BAD%</Response>
		</Row>
		<Row LeaderType="LEADER_DROGO">
			<ResponseType>RESPONSE_WE_BULLIED_MINOR_GOOD</ResponseType>
			<Response>TXT_KEY_LEADER_DROGO_WE_BULLIED_MINOR_GOOD%</Response>
		</Row>
		<Row LeaderType="LEADER_DROGO">
			<ResponseType>RESPONSE_HUMAN_BULLIED_MINOR_BAD</ResponseType>
			<Response>TXT_KEY_LEADER_DROGO_HUMAN_BULLIED_MINOR_BAD%</Response>
		</Row>
		<Row LeaderType="LEADER_DROGO">
			<ResponseType>RESPONSE_HUMAN_BULLIED_MINOR_GOOD</ResponseType>
			<Response>TXT_KEY_LEADER_DROGO_HUMAN_BULLIED_MINOR_GOOD%</Response>
		</Row>
		<Row LeaderType="LEADER_DROGO">
			<ResponseType>RESPONSE_GREETING_WILL_ACCEPT_SURRENDER</ResponseType>
			<Response>TXT_KEY_LEADER_DROGO_GREETING_WILL_ACCEPT_SURRENDER%</Response>
		</Row>
		<Row LeaderType="LEADER_DROGO">
			<ResponseType>RESPONSE_CAUGHT_YOUR_SPY</ResponseType>
			<Response>TXT_KEY_LEADER_DROGO_CAUGHT_YOUR_SPY%</Response>
		</Row>
		<Row LeaderType="LEADER_DROGO">
			<ResponseType>RESPONSE_KILLED_YOUR_SPY</ResponseType>
			<Response>TXT_KEY_LEADER_DROGO_KILLED_YOUR_SPY%</Response>
		</Row>
		<Row LeaderType="LEADER_DROGO">
			<ResponseType>RESPONSE_KILLED_MY_SPY</ResponseType>
			<Response>TXT_KEY_LEADER_DROGO_KILLED_MY_SPY%</Response>
		</Row>
		<Row LeaderType="LEADER_DROGO">
			<ResponseType>RESPONSE_CONFRONT_YOU_KILLED_MY_SPY</ResponseType>
			<Response>TXT_KEY_LEADER_DROGO_CONFRONT_YOU_KILLED_MY_SPY%</Response>
		</Row>
		<Row LeaderType="LEADER_DROGO">
			<ResponseType>RESPONSE_SUSPECT_YOU_OF_SPYING</ResponseType>
			<Response>TXT_KEY_LEADER_DROGO_SUSPECT_YOU_OF_SPYING%</Response>
		</Row>
		<Row LeaderType="LEADER_DROGO">
			<ResponseType>RESPONSE_HUMAN_CAUGHT_YOUR_SPY_GOOD</ResponseType>
			<Response>TXT_KEY_LEADER_DROGO_HUMAN_CAUGHT_YOUR_SPY_GOOD%</Response>
		</Row>
		<Row LeaderType="LEADER_DROGO">
			<ResponseType>RESPONSE_HUMAN_CAUGHT_YOUR_SPY_BAD</ResponseType>
			<Response>TXT_KEY_LEADER_DROGO_HUMAN_CAUGHT_YOUR_SPY_BAD%</Response>
		</Row>
		<Row LeaderType="LEADER_DROGO">
			<ResponseType>RESPONSE_STOP_SPYING_YES</ResponseType>
			<Response>TXT_KEY_LEADER_DROGO_STOP_SPYING_YES%</Response>
		</Row>
		<Row LeaderType="LEADER_DROGO">
			<ResponseType>RESPONSE_STOP_SPYING_NO</ResponseType>
			<Response>TXT_KEY_LEADER_DROGO_STOP_SPYING_NO%</Response>
		</Row>
		<Row LeaderType="LEADER_DROGO">
			<ResponseType>RESPONSE_WARNED_ABOUT_INTRIGUE</ResponseType>
			<Response>TXT_KEY_LEADER_DROGO_WARNED_ABOUT_INTRIGUE%</Response>
		</Row>
		<Row LeaderType="LEADER_DROGO">
			<ResponseType>RESPONSE_SHARE_INTRIGUE_DECEPTION</ResponseType>
			<Response>TXT_KEY_LEADER_DROGO_SHARE_INTRIGUE_DECEPTION%</Response>
		</Row>
		<Row LeaderType="LEADER_DROGO">
			<ResponseType>RESPONSE_SHARE_INTRIGUE_ARMY_SNEAK_ATTACK_KNOWN_CITY</ResponseType>
			<Response>TXT_KEY_LEADER_DROGO_SHARE_INTRIGUE_ARMY_SNEAK_ATTACK_KNOWN_CITY%</Response>
		</Row>
		<Row LeaderType="LEADER_DROGO">
			<ResponseType>RESPONSE_SHARE_INTRIGUE_ARMY_SNEAK_ATTACK_UNKNOWN_CITY</ResponseType>
			<Response>TXT_KEY_LEADER_DROGO_SHARE_INTRIGUE_ARMY_SNEAK_ATTACK_UNKNOWN_CITY%</Response>
		</Row>
		<Row LeaderType="LEADER_DROGO">
			<ResponseType>RESPONSE_SHARE_INTRIGUE_AMPHIBIOUS_SNEAK_ATTACK_KNOWN_CITY</ResponseType>
			<Response>TXT_KEY_LEADER_DROGO_SHARE_INTRIGUE_AMPHIBIOUS_SNEAK_ATTACK_KNOWN_CITY%</Response>
		</Row>
		<Row LeaderType="LEADER_DROGO">
			<ResponseType>RESPONSE_SHARE_INTRIGUE_AMPHIBIOUS_SNEAK_ATTACK_UNKNOWN_CITY</ResponseType>
			<Response>TXT_KEY_LEADER_DROGO_SHARE_INTRIGUE_AMPHIBIOUS_SNEAK_ATTACK_UNKNOWN_CITY%</Response>
		</Row>
		<Row LeaderType="LEADER_DROGO">
			<ResponseType>RESPONSE_HUMAN_KILLED_MY_SPY_UNFORGIVEN</ResponseType>
			<Response>TXT_KEY_LEADER_DROGO_HUMAN_KILLED_MY_SPY_UNFORGIVEN%</Response>
		</Row>
		<Row LeaderType="LEADER_DROGO">
			<ResponseType>RESPONSE_HUMAN_KILLED_MY_SPY_FORGIVEN</ResponseType>
			<Response>TXT_KEY_LEADER_DROGO_HUMAN_KILLED_MY_SPY_FORGIVEN%</Response>
		</Row>
		<Row LeaderType="LEADER_DROGO">
			<ResponseType>RESPONSE_STOP_CONVERSIONS</ResponseType>
			<Response>TXT_KEY_LEADER_DROGO_STOP_CONVERSIONS%</Response>
		</Row>
		<Row LeaderType="LEADER_DROGO">
			<ResponseType>RESPONSE_HUMAN_STOP_CONVERSIONS_GOOD</ResponseType>
			<Response>TXT_KEY_LEADER_DROGO_HUMAN_STOP_CONVERSIONS_GOOD%</Response>
		</Row>
		<Row LeaderType="LEADER_DROGO">
			<ResponseType>RESPONSE_HUMAN_STOP_CONVERSIONS_BAD</ResponseType>
			<Response>TXT_KEY_LEADER_DROGO_HUMAN_STOP_CONVERSIONS_BAD%</Response>
		</Row>
		<Row LeaderType="LEADER_DROGO">
			<ResponseType>RESPONSE_TRADE_CANT_MATCH_OFFER</ResponseType>
			<Response>TXT_KEY_LEADER_DROGO_TRADE_CANT_MATCH_OFFER%</Response>
		</Row>
		<Row LeaderType="LEADER_DROGO">
			<ResponseType>RESPONSE_HUMAN_STOP_CONVERSIONS_AGREE</ResponseType>
			<Response>TXT_KEY_LEADER_DROGO_HUMAN_STOP_CONVERSIONS_AGREE%</Response>
		</Row>
		<Row LeaderType="LEADER_DROGO">
			<ResponseType>RESPONSE_HUMAN_STOP_CONVERSIONS_DISAGREE</ResponseType>
			<Response>TXT_KEY_LEADER_DROGO_HUMAN_STOP_CONVERSIONS_DISAGREE%</Response>
		</Row>

		<Row LeaderType="LEADER_DROGO">
			<ResponseType>RESPONSE_REPEAT_TRADE_TOO_MUCH</ResponseType>
			<Response>TXT_KEY_LEADER_DROGO_REPEAT_TOO_MUCH%</Response>
		</Row>
		<Row LeaderType="LEADER_DROGO">
			<ResponseType>RESPONSE_REPEAT_TRADE</ResponseType>
			<Response>TXT_KEY_LEADER_DROGO_REPEAT_TRADE%</Response>
		</Row>
		<Row LeaderType="LEADER_DROGO">
			<ResponseType>RESPONSE_GREETING_REPEAT_TOO_MUCH</ResponseType>
			<Response>TXT_KEY_LEADER_DROGO_REPEAT_TOO_MUCH%</Response>
		</Row>
		<Row LeaderType="LEADER_DROGO">
			<ResponseType>RESPONSE_GREETING_REPEAT</ResponseType>
			<Response>TXT_KEY_LEADER_DROGO_GREETING_REPEAT%</Response>
		</Row>
		<Row LeaderType="LEADER_DROGO">
			<ResponseType>RESPONSE_GREETING_HOSTILE_REPEAT</ResponseType>
			<Response>TXT_KEY_LEADER_DROGO_GREETING_HOSTILE_REPEAT%</Response>
		</Row>
		<Row LeaderType="LEADER_DROGO">
			<ResponseType>RESPONSE_GREETING_DESTRUCTION_LOOMS</ResponseType>
			<Response>TXT_KEY_LEADER_DROGO_GREETING_DESTRUCTION_LOOMS%</Response>
		</Row>
		<Row LeaderType="LEADER_DROGO">
			<ResponseType>RESPONSE_GREETING_AT_WAR_WANTS_PEACE</ResponseType>
			<Response>TXT_KEY_LEADER_DROGO_GREETING_AT_WAR_WANTS_PEACE%</Response>
		</Row>
		<Row LeaderType="LEADER_DROGO">
			<ResponseType>RESPONSE_GREETING_AT_WAR_HOSTILE</ResponseType>
			<Response>TXT_KEY_LEADER_DROGO_GREETING_AT_WAR_HOSTILE%</Response>
		</Row>
		<Row LeaderType="LEADER_DROGO">
			<ResponseType>RESPONSE_GREETING_RESEARCH_AGREEMENT</ResponseType>
			<Response>TXT_KEY_LEADER_DROGO_GREETING_RESEARCH_AGREEMENT%</Response>
		</Row>
		<Row LeaderType="LEADER_DROGO">
			<ResponseType>RESPONSE_GREETING_BROKEN_MILITARY_PROMISE</ResponseType>
			<Response>TXT_KEY_LEADER_DROGO_GREETING_BROKEN_MILITARY_PROMISE%</Response>
		</Row>
		<Row LeaderType="LEADER_DROGO">
			<ResponseType>RESPONSE_GREETING_WORKING_WITH</ResponseType>
			<Response>TXT_KEY_LEADER_DROGO_GREETING_WORKING_WITH%</Response>
		</Row>
		<Row LeaderType="LEADER_DROGO">
			<ResponseType>RESPONSE_GREETING_WORKING_AGAINST</ResponseType>
			<Response>TXT_KEY_LEADER_DROGO_GREETING_WORKING_AGAINST%</Response>
		</Row>
		<Row LeaderType="LEADER_DROGO">
			<ResponseType>RESPONSE_GREETING_COOP_WAR</ResponseType>
			<Response>TXT_KEY_LEADER_DROGO_GREETING_COOP_WAR%</Response>
		</Row>
		<Row LeaderType="LEADER_DROGO">
			<ResponseType>RESPONSE_GREETING_HOSTILE_HUMAN_AT_WAR</ResponseType>
			<Response>TXT_KEY_LEADER_DROGO_GREETING_HOSTILE_HUMAN_AT_WAR%</Response>
		</Row>
		<Row LeaderType="LEADER_DROGO">
			<ResponseType>RESPONSE_GREETING_HUMAN_AT_WAR</ResponseType>
			<Response>TXT_KEY_LEADER_DROGO_GREETING_HUMAN_AT_WAR%</Response>
		</Row>
		<Row LeaderType="LEADER_DROGO">
			<ResponseType>RESPONSE_GREETING_HOSTILE_AGGRESSIVE_MILITARY</ResponseType>
			<Response>TXT_KEY_LEADER_DROGO_GREETING_HOSTILE_AGGRESSIVE_MILITARY%</Response>
		</Row>
		<Row LeaderType="LEADER_DROGO">
			<ResponseType>RESPONSE_GREETING_AGGRESSIVE_MILITARY</ResponseType>
			<Response>TXT_KEY_LEADER_DROGO_GREETING_AGGRESSIVE_MILITARY%</Response>
		</Row>
		<Row LeaderType="LEADER_DROGO">
			<ResponseType>RESPONSE_GREETING_HOSTILE_AGGRESSIVE_EXPANSION</ResponseType>
			<Response>TXT_KEY_LEADER_DROGO_GREETING_HOSTILE_AGGRESSIVE_EXPANSION%</Response>
		</Row>
		<Row LeaderType="LEADER_DROGO">
			<ResponseType>RESPONSE_GREETING_AGGRESSIVE_EXPANSION</ResponseType>
			<Response>TXT_KEY_LEADER_DROGO_GREETING_AGGRESSIVE_EXPANSION%</Response>
		</Row>
		<Row LeaderType="LEADER_DROGO">
			<ResponseType>RESPONSE_GREETING_HOSTILE_AGGRESSIVE_PLOT_BUYING</ResponseType>
			<Response>TXT_KEY_LEADER_DROGO_GREETING_HOSTILE_AGGRESSIVE_PLOT_BUYING%</Response>
		</Row>
		<Row LeaderType="LEADER_DROGO">
			<ResponseType>RESPONSE_GREETING_AGGRESSIVE_PLOT_BUYING</ResponseType>
			<Response>TXT_KEY_LEADER_DROGO_GREETING_AGGRESSIVE_PLOT_BUYING%</Response>
		</Row>
		<Row LeaderType="LEADER_DROGO">
			<ResponseType>RESPONSE_GREETING_FRIENDLY_STRONG_MILITARY</ResponseType>
			<Response>TXT_KEY_LEADER_DROGO_GREETING_FRIENDLY_STRONG_MILITARY%</Response>
		</Row>
		<Row LeaderType="LEADER_DROGO">
			<ResponseType>RESPONSE_GREETING_FRIENDLY_STRONG_ECONOMY</ResponseType>
			<Response>TXT_KEY_LEADER_DROGO_GREETING_FRIENDLY_STRONG_ECONOMY%</Response>
		</Row>
		<Row LeaderType="LEADER_DROGO">
			<ResponseType>RESPONSE_GREETING_HOSTILE_HUMAN_FEW_CITIES</ResponseType>
			<Response>TXT_KEY_LEADER_DROGO_GREETING_HOSTILE_HUMAN_FEW_CITIES%</Response>
		</Row>
		<Row LeaderType="LEADER_DROGO">
			<ResponseType>RESPONSE_GREETING_HOSTILE_HUMAN_SMALL_ARMY</ResponseType>
			<Response>TXT_KEY_LEADER_DROGO_GREETING_HOSTILE_HUMAN_SMALL_ARMY%</Response>
		</Row>
		<Row LeaderType="LEADER_DROGO">
			<ResponseType>RESPONSE_GREETING_HOSTILE_HUMAN_IS_WARMONGER</ResponseType>
			<Response>TXT_KEY_LEADER_DROGO_GREETING_HOSTILE_HUMAN_IS_WARMONGER%</Response>
		</Row>
		<Row LeaderType="LEADER_DROGO">
			<ResponseType>RESPONSE_GREETING_DENOUNCED_BY_AI</ResponseType>
			<Response>TXT_KEY_LEADER_DROGO_GREETING_DENOUNCED_BY_AI%</Response>
		</Row>
		<Row LeaderType="LEADER_DROGO">
			<ResponseType>RESPONSE_GREETING_DENOUNCED_AI</ResponseType>
			<Response>TXT_KEY_LEADER_DROGO_GREETING_DENOUNCED_AI%</Response>
		</Row>
		<Row LeaderType="LEADER_DROGO">
			<ResponseType>RESPONSE_GREETING_OUR_DOF_WITH_ENEMY_OF_AI</ResponseType>
			<Response>TXT_KEY_LEADER_DROGO_GREETING_OUR_DOF_WITH_ENEMY_OF_AI%</Response>
		</Row>
		<Row LeaderType="LEADER_DROGO">
			<ResponseType>RESPONSE_GREETING_OUR_DOF_WITH_FRIEND_OF_AI</ResponseType>
			<Response>TXT_KEY_LEADER_DROGO_GREETING_OUR_DOF_WITH_FRIEND_OF_AI%</Response>
		</Row>
		<Row LeaderType="LEADER_DROGO">
			<ResponseType>RESPONSE_GREETING_DENOUNCED_FRIEND_OF_AI</ResponseType>
			<Response>TXT_KEY_LEADER_DROGO_GREETING_DENOUNCED_FRIEND_OF_AI%</Response>
		</Row>
		<Row LeaderType="LEADER_DROGO">
			<ResponseType>RESPONSE_GREETING_DENOUNCED_ENEMY_OF_AI</ResponseType>
			<Response>TXT_KEY_LEADER_DROGO_GREETING_DENOUNCED_ENEMY_OF_AI%</Response>
		</Row>
		<Row LeaderType="LEADER_DROGO">
			<ResponseType>RESPONSE_TOO_SOON_FOR_DOF</ResponseType>
			<Response>TXT_KEY_LEADER_DROGO_TOO_SOON_FOR_DOF%</Response>
		</Row>
		<Row LeaderType="LEADER_DROGO">
			<ResponseType>RESPONSE_DOF_AI_DENOUNCE_REQUEST</ResponseType>
			<Response>TXT_KEY_LEADER_DROGO_DOF_AI_DENOUNCE_REQUEST%</Response>
		</Row>
		<Row LeaderType="LEADER_DROGO">
			<ResponseType>RESPONSE_DOF_AI_WAR_REQUEST</ResponseType>
			<Response>TXT_KEY_LEADER_DROGO_DOF_AI_WAR_REQUEST%</Response>
		</Row>
		<Row LeaderType="LEADER_DROGO">
			<ResponseType>RESPONSE_DOF_NOT_HONORED</ResponseType>
			<Response>TXT_KEY_LEADER_DROGO_DOF_NOT_HONORED%</Response>
		</Row>
		<Row LeaderType="LEADER_DROGO">
			<ResponseType>RESPONSE_AI_DOF_BACKSTAB</ResponseType>
			<Response>TXT_KEY_LEADER_DROGO_AI_DOF_BACKSTAB%</Response>
		</Row>
		<Row LeaderType="LEADER_DROGO">
			<ResponseType>RESPONSE_RESPONSE_TO_BEING_DENOUNCED</ResponseType>
			<Response>TXT_KEY_LEADER_DROGO_RESPONSE_TO_BEING_DENOUNCED%</Response>
		</Row>
		<Row LeaderType="LEADER_DROGO">
			<ResponseType>RESPONSE_HUMAN_DOFED_FRIEND</ResponseType>
			<Response>TXT_KEY_LEADER_DROGO_HUMAN_DOFED_FRIEND%</Response>
		</Row>
		<Row LeaderType="LEADER_DROGO">
			<ResponseType>RESPONSE_HUMAN_DOFED_ENEMY</ResponseType>
			<Response>TXT_KEY_LEADER_DROGO_HUMAN_DOFED_ENEMY%</Response>
		</Row>
		<Row LeaderType="LEADER_DROGO">
			<ResponseType>RESPONSE_HUMAN_DENOUNCED_FRIEND</ResponseType>
			<Response>TXT_KEY_LEADER_DROGO_HUMAN_DENOUNCED_FRIEND%</Response>
		</Row>
		<Row LeaderType="LEADER_DROGO">
			<ResponseType>RESPONSE_HUMAN_DENOUNCED_ENEMY</ResponseType>
			<Response>TXT_KEY_LEADER_DROGO_HUMAN_DENOUNCED_ENEMY%</Response>
		</Row>
		<Row LeaderType="LEADER_DROGO">
			<ResponseType>RESPONSE_HUMAN_DOF_SO_AI_DOF</ResponseType>
			<Response>TXT_KEY_LEADER_DROGO_HUMAN_DOF_SO_AI_DOF%</Response>
		</Row>
		<Row LeaderType="LEADER_DROGO">
			<ResponseType>RESPONSE_HUMAN_DENOUNCE_SO_AI_DENOUNCE</ResponseType>
			<Response>TXT_KEY_LEADER_DROGO_HUMAN_DENOUNCE_SO_AI_DENOUNCE%</Response>
		</Row>
		<Row LeaderType="LEADER_DROGO">
			<ResponseType>RESPONSE_HUMAN_DOF_SO_AI_DENOUNCE</ResponseType>
			<Response>TXT_KEY_LEADER_DROGO_HUMAN_DOF_SO_AI_DENOUNCE%</Response>
		</Row>
		<Row LeaderType="LEADER_DROGO">
			<ResponseType>RESPONSE_HUMAN_DENOUNCE_SO_AI_DOF</ResponseType>
			<Response>TXT_KEY_LEADER_DROGO_HUMAN_DENOUNCE_SO_AI_DOF%</Response>
		</Row>
		<Row LeaderType="LEADER_DROGO">
			<ResponseType>RESPONSE_KILLED_PROTECTED_CITY_STATE</ResponseType>
			<Response>TXT_KEY_LEADER_DROGO_KILLED_PROTECTED_CITY_STATE%</Response>
		</Row>
		<Row LeaderType="LEADER_DROGO">
			<ResponseType>RESPONSE_ATTACKED_PROTECTED_CITY_STATE</ResponseType>
			<Response>TXT_KEY_LEADER_DROGO_ATTACKED_PROTECTED_CITY_STATE%</Response>
		</Row>
		<Row LeaderType="LEADER_DROGO">
			<ResponseType>RESPONSE_EXPANSION_WARNING</ResponseType>
			<Response>TXT_KEY_LEADER_DROGO_EXPANSION_WARNING%</Response>
		</Row>
		<Row LeaderType="LEADER_DROGO">
			<ResponseType>RESPONSE_EXPANSION_BROKEN_PROMISE</ResponseType>
			<Response>TXT_KEY_LEADER_DROGO_EXPANSION_BROKEN_PROMISE%</Response>
		</Row>
		<Row LeaderType="LEADER_DROGO">
			<ResponseType>RESPONSE_PLOT_BUYING_SERIOUS_WARNING</ResponseType>
			<Response>TXT_KEY_LEADER_DROGO_PLOT_BUYING_SERIOUS_WARNING%</Response>
		</Row>
		<Row LeaderType="LEADER_DROGO">
			<ResponseType>RESPONSE_PLOT_BUYING_WARNING</ResponseType>
			<Response>TXT_KEY_LEADER_DROGO_PLOT_BUYING_WARNING%</Response>
		</Row>
		<Row LeaderType="LEADER_DROGO">
			<ResponseType>RESPONSE_PLOT_BUYING_BROKEN_PROMISE</ResponseType>
			<Response>TXT_KEY_LEADER_DROGO_PLOT_BUYING_BROKEN_PROMISE%</Response>
		</Row>
		<Row LeaderType="LEADER_DROGO">
			<ResponseType>RESPONSE_HOSTILE_WE_ATTACKED_YOUR_MINOR</ResponseType>
			<Response>TXT_KEY_LEADER_DROGO_HOSTILE_WE_ATTACKED_YOUR_MINOR%</Response>
		</Row>
		<Row LeaderType="LEADER_DROGO">
			<ResponseType>RESPONSE_WE_ATTACKED_YOUR_MINOR</ResponseType>
			<Response>TXT_KEY_LEADER_DROGO_WE_ATTACKED_YOUR_MINOR%</Response>
		</Row>
		<Row LeaderType="LEADER_DROGO">
			<ResponseType>RESPONSE_WORK_WITH_US</ResponseType>
			<Response>TXT_KEY_LEADER_DROGO_WORK_WITH_US%</Response>
		</Row>
		<Row LeaderType="LEADER_DROGO">
			<ResponseType>RESPONSE_END_WORK_WITH_US_WARMONGER</ResponseType>
			<Response>TXT_KEY_LEADER_DROGO_END_WORK_WITH_US_WARMONGER%</Response>
		</Row>
		<Row LeaderType="LEADER_DROGO">
			<ResponseType>RESPONSE_END_WORK_WITH_US_MINORS</ResponseType>
			<Response>TXT_KEY_LEADER_DROGO_END_WORK_WITH_US_MINORS%</Response>
		</Row>
		<Row LeaderType="LEADER_DROGO">
			<ResponseType>RESPONSE_END_WORK_WITH_US_LAND</ResponseType>
			<Response>TXT_KEY_LEADER_DROGO_END_WORK_WITH_US_LAND%</Response>
		</Row>
		<Row LeaderType="LEADER_DROGO">
			<ResponseType>RESPONSE_END_WORK_WITH_US_WONDERS</ResponseType>
			<Response>TXT_KEY_LEADER_DROGO_END_WORK_WITH_US_WONDERS%</Response>
		</Row>
		<Row LeaderType="LEADER_DROGO">
			<ResponseType>RESPONSE_END_WORK_WITH_US_VICTORY</ResponseType>
			<Response>TXT_KEY_LEADER_DROGO_END_WORK_WITH_US_VICTORY%</Response>
		</Row>
		<Row LeaderType="LEADER_DROGO">
			<ResponseType>RESPONSE_END_WORK_WITH_US_DEFAULT</ResponseType>
			<Response>TXT_KEY_LEADER_DROGO_END_WORK_WITH_US_DEFAULT%</Response>
		</Row>
		<Row LeaderType="LEADER_DROGO">
			<ResponseType>RESPONSE_WORK_AGAINST_SOMEONE</ResponseType>
			<Response>TXT_KEY_LEADER_DROGO_WORK_AGAINST_SOMEONE%</Response>
		</Row>
		<Row LeaderType="LEADER_DROGO">
			<ResponseType>RESPONSE_END_WORK_AGAINST_SOMEONE_DEFAULT</ResponseType>
			<Response>TXT_KEY_LEADER_DROGO_END_WORK_AGAINST_SOMEONE_DEFAULT%</Response>
		</Row>
		<Row LeaderType="LEADER_DROGO">
			<ResponseType>RESPONSE_COOP_WAR_REQUEST</ResponseType>
			<Response>TXT_KEY_LEADER_DROGO_COOP_WAR_REQUEST%</Response>
		</Row>
		<Row LeaderType="LEADER_DROGO">
			<ResponseType>RESPONSE_COOP_WAR_TIME</ResponseType>
			<Response>TXT_KEY_LEADER_DROGO_COOP_WAR_TIME%</Response>
		</Row>
		<Row LeaderType="LEADER_DROGO">
			<ResponseType>RESPONSE_NOW_UNFORGIVABLE</ResponseType>
			<Response>TXT_KEY_LEADER_DROGO_NOW_UNFORGIVABLE%</Response>
		</Row>
		<Row LeaderType="LEADER_DROGO">
			<ResponseType>RESPONSE_NOW_ENEMY</ResponseType>
			<Response>TXT_KEY_LEADER_DROGO_NOW_ENEMY%</Response>
		</Row>
		<Row LeaderType="LEADER_DROGO">
			<ResponseType>RESPONSE_COMPLIMENT</ResponseType>
			<Response>TXT_KEY_LEADER_DROGO_COMPLIMENT%</Response>
		</Row>
		<Row LeaderType="LEADER_DROGO">
			<ResponseType>RESPONSE_BOOT_KISSING</ResponseType>
			<Response>TXT_KEY_LEADER_DROGO_BOOT_KISSING%</Response>
		</Row>
		<Row LeaderType="LEADER_DROGO">
			<ResponseType>RESPONSE_WARMONGER</ResponseType>
			<Response>TXT_KEY_LEADER_DROGO_WARMONGER%</Response>
		</Row>
		<Row LeaderType="LEADER_DROGO">
			<ResponseType>RESPONSE_MINOR_CIV_COMPETITION</ResponseType>
			<Response>TXT_KEY_LEADER_DROGO_MINOR_CIV_COMPETITION%</Response>
		</Row>
		<Row LeaderType="LEADER_DROGO">
			<ResponseType>RESPONSE_PLEASED</ResponseType>
			<Response>TXT_KEY_LEADER_DROGO_PLEASED%</Response>
		</Row>
		<Row LeaderType="LEADER_DROGO">
			<ResponseType>RESPONSE_THANKFUL</ResponseType>
			<Response>TXT_KEY_LEADER_DROGO_THANKFUL%</Response>
		</Row>
		<Row LeaderType="LEADER_DROGO">
			<ResponseType>RESPONSE_DISAPPOINTED</ResponseType>
			<Response>TXT_KEY_LEADER_DROGO_DISAPPOINTED%</Response>
		</Row>
		<Row LeaderType="LEADER_DROGO">
			<ResponseType>RESPONSE_SO_BE_IT</ResponseType>
			<Response>TXT_KEY_LEADER_DROGO_SO_BE_IT%</Response>
		</Row>
		<Row LeaderType="LEADER_DROGO">
			<ResponseType>RESPONSE_RETURNED_CIVILIAN</ResponseType>
			<Response>TXT_KEY_LEADER_DROGO_RETURNED_CIVILIAN%</Response>
		</Row>
		<Row LeaderType="LEADER_DROGO">
			<ResponseType>RESPONSE_CULTURE_BOMBED</ResponseType>
			<Response>TXT_KEY_LEADER_DROGO_CULTURE_BOMBED%</Response>
		</Row>
		<Row LeaderType="LEADER_DROGO">
			<ResponseType>RESPONSE_INSULT_GENERIC</ResponseType>
			<Response>TXT_KEY_LEADER_DROGO_INSULT_GENERIC%</Response>
		</Row>
		<Row LeaderType="LEADER_DROGO">
			<ResponseType>RESPONSE_INSULT_MILITARY</ResponseType>
			<Response>TXT_KEY_LEADER_DROGO_INSULT_MILITARY%</Response>
		</Row>
		<Row LeaderType="LEADER_DROGO">
			<ResponseType>RESPONSE_INSULT_NUKE</ResponseType>
			<Response>TXT_KEY_LEADER_DROGO_INSULT_NUKE%</Response>
		</Row>
		<Row LeaderType="LEADER_DROGO">
			<ResponseType>RESPONSE_INSULT_BULLY</ResponseType>
			<Response>TXT_KEY_LEADER_DROGO_INSULT_BULLY%</Response>
		</Row>
		<Row LeaderType="LEADER_DROGO">
			<ResponseType>RESPONSE_INSULT_UNHAPPINESS</ResponseType>
			<Response>TXT_KEY_LEADER_DROGO_INSULT_UNHAPPINESS%</Response>
		</Row>
		<Row LeaderType="LEADER_DROGO">
			<ResponseType>RESPONSE_INSULT_CITIES</ResponseType>
			<Response>TXT_KEY_LEADER_DROGO_INSULT_CITIES%</Response>
		</Row>
		<Row LeaderType="LEADER_DROGO">
			<ResponseType>RESPONSE_INSULT_POPULATION</ResponseType>
			<Response>TXT_KEY_LEADER_DROGO_INSULT_POPULATION%</Response>
		</Row>
		<Row LeaderType="LEADER_DROGO">
			<ResponseType>RESPONSE_INSULT_CULTURE</ResponseType>
			<Response>TXT_KEY_LEADER_DROGO_INSULT_CULTURE%</Response>
		</Row>
		<Row LeaderType="LEADER_DROGO">
			<ResponseType>RESPONSE_REPEAT_NO</ResponseType>
			<Response>TXT_KEY_LEADER_DROGO_REPEAT_NO%</Response>
		</Row>
		<Row LeaderType="LEADER_DROGO">
			<ResponseType>RESPONSE_DONT_SETTLE_YES</ResponseType>
			<Response>TXT_KEY_LEADER_DROGO_DONT_SETTLE_YES%</Response>
		</Row>
		<Row LeaderType="LEADER_DROGO">
			<ResponseType>RESPONSE_DONT_SETTLE_NO</ResponseType>
			<Response>TXT_KEY_LEADER_DROGO_DONT_SETTLE_NO%</Response>
		</Row>
		<Row LeaderType="LEADER_DROGO">
			<ResponseType>RESPONSE_WORK_WITH_US_YES</ResponseType>
			<Response>TXT_KEY_LEADER_DROGO_WORK_WITH_US_YES%</Response>
		</Row>
		<Row LeaderType="LEADER_DROGO">
			<ResponseType>RESPONSE_WORK_WITH_US_NO</ResponseType>
			<Response>TXT_KEY_LEADER_DROGO_WORK_WITH_US_NO%</Response>
		</Row>
		<Row LeaderType="LEADER_DROGO">
			<ResponseType>RESPONSE_WORK_AGAINST_SOMEONE_YES</ResponseType>
			<Response>TXT_KEY_LEADER_DROGO_WORK_AGAINST_SOMEONE_YES%</Response>
		</Row>
		<Row LeaderType="LEADER_DROGO">
			<ResponseType>RESPONSE_WORK_AGAINST_SOMEONE_NO</ResponseType>
			<Response>TXT_KEY_LEADER_DROGO_WORK_AGAINST_SOMEONE_NO%</Response>
		</Row>
		<Row LeaderType="LEADER_DROGO">
			<ResponseType>RESPONSE_COOP_WAR_YES</ResponseType>
			<Response>TXT_KEY_LEADER_DROGO_COOP_WAR_YES%</Response>
		</Row>
		<Row LeaderType="LEADER_DROGO">
			<ResponseType>RESPONSE_COOP_WAR_NO</ResponseType>
			<Response>TXT_KEY_LEADER_DROGO_COOP_WAR_NO%</Response>
		</Row>
		<Row LeaderType="LEADER_DROGO">
			<ResponseType>RESPONSE_COOP_WAR_SOON</ResponseType>
			<Response>TXT_KEY_LEADER_DROGO_COOP_WAR_SOON%</Response>
		</Row>
		<Row LeaderType="LEADER_DROGO">
			<ResponseType>RESPONSE_HUMAN_DEMAND_YES</ResponseType>
			<Response>TXT_KEY_LEADER_DROGO_HUMAN_DEMAND_YES%</Response>
		</Row>
		<Row LeaderType="LEADER_DROGO">
			<ResponseType>RESPONSE_HUMAN_DEMAND_REFUSE_WEAK</ResponseType>
			<Response>TXT_KEY_LEADER_DROGO_HUMAN_DEMAND_REFUSE_WEAK%</Response>
		</Row>
		<Row LeaderType="LEADER_DROGO">
			<ResponseType>RESPONSE_HUMAN_DEMAND_REFUSE_HOSTILE</ResponseType>
			<Response>TXT_KEY_LEADER_DROGO_HUMAN_DEMAND_REFUSE_HOSTILE%</Response>
		</Row>
		<Row LeaderType="LEADER_DROGO">
			<ResponseType>RESPONSE_HUMAN_DEMAND_REFUSE_TOO_MUCH</ResponseType>
			<Response>TXT_KEY_LEADER_DROGO_HUMAN_DEMAND_REFUSE_TOO_MUCH%</Response>
		</Row>
		<Row LeaderType="LEADER_DROGO">
			<ResponseType>RESPONSE_HUMAN_DEMAND_REFUSE_TOO_SOON</ResponseType>
			<Response>TXT_KEY_LEADER_DROGO_HUMAN_DEMAND_REFUSE_TOO_SOON%</Response>
		</Row>
		<Row LeaderType="LEADER_DROGO">
			<ResponseType>RESPONSE_LETS_HEAR_IT</ResponseType>
			<Response>TXT_KEY_LEADER_DROGO_LETS_HEAR_IT%</Response>
		</Row>
		<Row LeaderType="LEADER_DROGO">
			<ResponseType>RESPONSE_PEACE_OFFER</ResponseType>
			<Response>TXT_KEY_LEADER_DROGO_PEACE_OFFER%</Response>
		</Row>
		<Row LeaderType="LEADER_DROGO">
			<ResponseType>RESPONSE_OPEN_BORDERS_OFFER</ResponseType>
			<Response>TXT_KEY_LEADER_DROGO_OPEN_BORDERS_OFFER%</Response>
		</Row>
		<Row LeaderType="LEADER_DROGO">
			<ResponseType>RESPONSE_PLAN_RESEARCH_AGREEMENT</ResponseType>
			<Response>TXT_KEY_LEADER_DROGO_PLAN_RESEARCH_AGREEMENT%</Response>
		</Row>
		<Row LeaderType="LEADER_DROGO">
			<ResponseType>RESPONSE_RESEARCH_AGREEMENT_OFFER</ResponseType>
			<Response>TXT_KEY_LEADER_DROGO_RESEARCH_AGREEMENT_OFFER%</Response>
		</Row>
		<Row LeaderType="LEADER_DROGO">
			<ResponseType>RESPONSE_TRADE_ACCEPT_GENEROUS</ResponseType>
			<Response>TXT_KEY_LEADER_DROGO_TRADE_ACCEPT_GENEROUS%</Response>
		</Row>
		<Row LeaderType="LEADER_DROGO">
			<ResponseType>RESPONSE_TRADE_ACCEPT_ACCEPTABLE</ResponseType>
			<Response>TXT_KEY_LEADER_DROGO_TRADE_ACCEPT_ACCEPTABLE%</Response>
		</Row>
		<Row LeaderType="LEADER_DROGO">
			<ResponseType>RESPONSE_TRADE_ACCEPT_AI_DEMAND</ResponseType>
			<Response>TXT_KEY_LEADER_DROGO_TRADE_ACCEPT_AI_DEMAND%</Response>
		</Row>
		<Row LeaderType="LEADER_DROGO">
			<ResponseType>RESPONSE_TRADE_ACCEPT_HUMAN_CONCESSIONS</ResponseType>
			<Response>TXT_KEY_LEADER_DROGO_TRADE_ACCEPT_HUMAN_CONCESSIONS%</Response>
		</Row>
		<Row LeaderType="LEADER_DROGO">
			<ResponseType>RESPONSE_TRADE_REJECT_UNACCEPTABLE</ResponseType>
			<Response>TXT_KEY_LEADER_DROGO_TRADE_REJECT_UNACCEPTABLE%</Response>
		</Row>
		<Row LeaderType="LEADER_DROGO">
			<ResponseType>RESPONSE_TRADE_REJECT_INSULTING</ResponseType>
			<Response>TXT_KEY_LEADER_DROGO_TRADE_REJECT_INSULTING%</Response>
		</Row>
		<Row LeaderType="LEADER_DROGO">
			<ResponseType>RESPONSE_TRADE_DEAL_UNCHANGED</ResponseType>
			<Response>TXT_KEY_LEADER_DROGO_TRADE_DEAL_UNCHANGED%</Response>
		</Row>
		<Row LeaderType="LEADER_DROGO">
			<ResponseType>RESPONSE_TRADE_AI_MAKES_OFFER</ResponseType>
			<Response>TXT_KEY_LEADER_DROGO_TRADE_AI_MAKES_OFFER%</Response>
		</Row>
		<Row LeaderType="LEADER_DROGO">
			<ResponseType>RESPONSE_TRADE_NO_DEAL_POSSIBLE</ResponseType>
			<Response>TXT_KEY_LEADER_DROGO_TRADE_NO_DEAL_POSSIBLE%</Response>
		</Row>
		<Row LeaderType="LEADER_DROGO">
			<ResponseType>RESPONSE_ATTACKED_HOSTILE</ResponseType>
			<Response>TXT_KEY_LEADER_DROGO_ATTACKED_HOSTILE%</Response>
		</Row>
		<Row LeaderType="LEADER_DROGO">
			<ResponseType>RESPONSE_ATTACKED_WEAK_HOSTILE</ResponseType>
			<Response>TXT_KEY_LEADER_DROGO_ATTACKED_WEAK_HOSTILE%</Response>
		</Row>
		<Row LeaderType="LEADER_DROGO">
			<ResponseType>RESPONSE_ATTACKED_STRONG_HOSTILE</ResponseType>
			<Response>TXT_KEY_LEADER_DROGO_ATTACKED_STRONG_HOSTILE%</Response>
		</Row>
		<Row LeaderType="LEADER_DROGO">
			<ResponseType>RESPONSE_ATTACKED_EXCITED</ResponseType>
			<Response>TXT_KEY_LEADER_DROGO_ATTACKED_EXCITED%</Response>
		</Row>
		<Row LeaderType="LEADER_DROGO">
			<ResponseType>RESPONSE_ATTACKED_WEAK_EXCITED</ResponseType>
			<Response>TXT_KEY_LEADER_DROGO_ATTACKED_WEAK_EXCITED%</Response>
		</Row>
		<Row LeaderType="LEADER_DROGO">
			<ResponseType>RESPONSE_ATTACKED_STRONG_EXCITED</ResponseType>
			<Response>TXT_KEY_LEADER_DROGO_ATTACKED_STRONG_EXCITED%</Response>
		</Row>
		<Row LeaderType="LEADER_DROGO">
			<ResponseType>RESPONSE_ATTACKED_SAD</ResponseType>
			<Response>TXT_KEY_LEADER_DROGO_ATTACKED_SAD%</Response>
		</Row>
		<Row LeaderType="LEADER_DROGO">
			<ResponseType>RESPONSE_ATTACKED_BETRAYED</ResponseType>
			<Response>TXT_KEY_LEADER_DROGO_ATTACKED_BETRAYED%</Response>
		</Row>
		<Row LeaderType="LEADER_DROGO">
			<ResponseType>RESPONSE_DOW_GENERIC</ResponseType>
			<Response>TXT_KEY_LEADER_DROGO_DOW_GENERIC%</Response>
		</Row>
		<Row LeaderType="LEADER_DROGO">
			<ResponseType>RESPONSE_ATTACKED_MILITARY_PROMISE_BROKEN</ResponseType>
			<Response>TXT_KEY_LEADER_DROGO_ATTACKED_MILITARY_PROMISE_BROKEN%</Response>
		</Row>
		<Row LeaderType="LEADER_DROGO">
			<ResponseType>RESPONSE_DOW_LAND</ResponseType>
			<Response>TXT_KEY_LEADER_DROGO_DOW_LAND%</Response>
		</Row>
		<Row LeaderType="LEADER_DROGO">
			<ResponseType>RESPONSE_DOW_WORLD_CONQUEST</ResponseType>
			<Response>TXT_KEY_LEADER_DROGO_DOW_WORLD_CONQUEST%</Response>
		</Row>
		<Row LeaderType="LEADER_DROGO">
			<ResponseType>RESPONSE_DOW_OPPORTUNITY</ResponseType>
			<Response>TXT_KEY_LEADER_DROGO_DOW_OPPORTUNITY%</Response>
		</Row>
		<Row LeaderType="LEADER_DROGO">
			<ResponseType>RESPONSE_DOW_DESPERATE</ResponseType>
			<Response>TXT_KEY_LEADER_DROGO_DOW_DESPERATE%</Response>
		</Row>
		<Row LeaderType="LEADER_DROGO">
			<ResponseType>RESPONSE_DOW_BETRAYAL</ResponseType>
			<Response>TXT_KEY_LEADER_DROGO_DOW_BETRAYAL%</Response>
		</Row>
		<Row LeaderType="LEADER_DROGO">
			<ResponseType>RESPONSE_DOW_WEAK_BETRAYAL</ResponseType>
			<Response>TXT_KEY_LEADER_DROGO_DOW_WEAK_BETRAYAL%</Response>
		</Row>
		<Row LeaderType="LEADER_DROGO">
			<ResponseType>RESPONSE_DOW_REGRET</ResponseType>
			<Response>TXT_KEY_LEADER_DROGO_DOW_REGRET%</Response>
		</Row>
		<Row LeaderType="LEADER_DROGO">
			<ResponseType>RESPONSE_WAR_DEMAND_REFUSED</ResponseType>
			<Response>TXT_KEY_LEADER_DROGO_WAR_DEMAND_REFUSED%</Response>
		</Row>
		<Row LeaderType="LEADER_DROGO">
			<ResponseType>RESPONSE_PEACE_WHAT_WILL_HUMAN_OFFER</ResponseType>
			<Response>TXT_KEY_LEADER_DROGO_PEACE_WHAT_WILL_HUMAN_OFFER%</Response>
		</Row>
		<Row LeaderType="LEADER_DROGO">
			<ResponseType>RESPONSE_PEACE_MADE_BY_HUMAN_GRACIOUS</ResponseType>
			<Response>TXT_KEY_LEADER_DROGO_PEACE_MADE_BY_HUMAN_GRACIOUS%</Response>
		</Row>
		<Row LeaderType="LEADER_DROGO">
			<ResponseType>RESPONSE_NO_PEACE</ResponseType>
			<Response>TXT_KEY_LEADER_DROGO_NO_PEACE%</Response>
		</Row>
		<Row LeaderType="LEADER_DROGO">
			<ResponseType>RESPONSE_TOO_SOON_NO_PEACE</ResponseType>
			<Response>TXT_KEY_LEADER_DROGO_TOO_SOON_NO_PEACE%</Response>
		</Row>
		<Row LeaderType="LEADER_DROGO">
			<ResponseType>RESPONSE_HOSTILE_AGGRESSIVE_MILITARY_WARNING_BAD</ResponseType>
			<Response>TXT_KEY_LEADER_DROGO_HOSTILE_AGGRESSIVE_MILITARY_WARNING_BAD%</Response>
		</Row>
		<Row LeaderType="LEADER_DROGO">
			<ResponseType>RESPONSE_HOSTILE_AGGRESSIVE_MILITARY_WARNING_GOOD</ResponseType>
			<Response>TXT_KEY_LEADER_DROGO_HOSTILE_AGGRESSIVE_MILITARY_WARNING_GOOD%</Response>
		</Row>
		<Row LeaderType="LEADER_DROGO">
			<ResponseType>RESPONSE_AGGRESSIVE_MILITARY_WARNING_BAD</ResponseType>
			<Response>TXT_KEY_LEADER_DROGO_AGGRESSIVE_MILITARY_WARNING_BAD%</Response>
		</Row>
		<Row LeaderType="LEADER_DROGO">
			<ResponseType>RESPONSE_AGGRESSIVE_MILITARY_WARNING_GOOD</ResponseType>
			<Response>TXT_KEY_LEADER_DROGO_AGGRESSIVE_MILITARY_WARNING_GOOD%</Response>
		</Row>
		<Row LeaderType="LEADER_DROGO">
			<ResponseType>RESPONSE_HOSTILE_WE_ATTACKED_MINOR_BAD</ResponseType>
			<Response>TXT_KEY_LEADER_DROGO_HOSTILE_WE_ATTACKED_MINOR_BAD%</Response>
		</Row>
		<Row LeaderType="LEADER_DROGO">
			<ResponseType>RESPONSE_HOSTILE_WE_ATTACKED_MINOR_GOOD</ResponseType>
			<Response>TXT_KEY_LEADER_DROGO_HOSTILE_WE_ATTACKED_MINOR_GOOD%</Response>
		</Row>
		<Row LeaderType="LEADER_DROGO">
			<ResponseType>RESPONSE_WE_ATTACKED_MINOR_BAD</ResponseType>
			<Response>TXT_KEY_LEADER_DROGO_WE_ATTACKED_MINOR_BAD%</Response>
		</Row>
		<Row LeaderType="LEADER_DROGO">
			<ResponseType>RESPONSE_WE_ATTACKED_MINOR_GOOD</ResponseType>
			<Response>TXT_KEY_LEADER_DROGO_WE_ATTACKED_MINOR_GOOD%</Response>
		</Row>
		<Row LeaderType="LEADER_DROGO">
			<ResponseType>RESPONSE_HUMAN_ATTACKED_MINOR_BAD</ResponseType>
			<Response>TXT_KEY_LEADER_DROGO_HUMAN_ATTACKED_MINOR_BAD%</Response>
		</Row>
		<Row LeaderType="LEADER_DROGO">
			<ResponseType>RESPONSE_HUMAN_ATTACKED_MINOR_GOOD</ResponseType>
			<Response>TXT_KEY_LEADER_DROGO_HUMAN_ATTACKED_MINOR_GOOD%</Response>
		</Row>
		<Row LeaderType="LEADER_DROGO">
			<ResponseType>RESPONSE_HUMAN_KILLED_MINOR_BAD</ResponseType>
			<Response>TXT_KEY_LEADER_DROGO_HUMAN_KILLED_MINOR_BAD%</Response>
		</Row>
		<Row LeaderType="LEADER_DROGO">
			<ResponseType>RESPONSE_HUMAN_KILLED_MINOR_GOOD</ResponseType>
			<Response>TXT_KEY_LEADER_DROGO_HUMAN_KILLED_MINOR_GOOD%</Response>
		</Row>
		<Row LeaderType="LEADER_DROGO">
			<ResponseType>RESPONSE_HUMAN_SERIOUS_EXPANSION_WARNING_BAD</ResponseType>
			<Response>TXT_KEY_LEADER_DROGO_HUMAN_SERIOUS_EXPANSION_WARNING_BAD%</Response>
		</Row>
		<Row LeaderType="LEADER_DROGO">
			<ResponseType>RESPONSE_HUMAN_SERIOUS_EXPANSION_WARNING_GOOD</ResponseType>
			<Response>TXT_KEY_LEADER_DROGO_HUMAN_SERIOUS_EXPANSION_WARNING_GOOD%</Response>
		</Row>
		<Row LeaderType="LEADER_DROGO">
			<ResponseType>RESPONSE_HUMAN_EXPANSION_WARNING_BAD</ResponseType>
			<Response>TXT_KEY_LEADER_DROGO_HUMAN_EXPANSION_WARNING_BAD%</Response>
		</Row>
		<Row LeaderType="LEADER_DROGO">
			<ResponseType>RESPONSE_HUMAN_EXPANSION_WARNING_GOOD</ResponseType>
			<Response>TXT_KEY_LEADER_DROGO_HUMAN_EXPANSION_WARNING_GOOD%</Response>
		</Row>
		<Row LeaderType="LEADER_DROGO">
			<ResponseType>RESPONSE_HUMAN_SERIOUS_PLOT_BUYING_WARNING_BAD</ResponseType>
			<Response>TXT_KEY_LEADER_DROGO_HUMAN_SERIOUS_PLOT_BUYING_WARNING_BAD%</Response>
		</Row>
		<Row LeaderType="LEADER_DROGO">
			<ResponseType>RESPONSE_HUMAN_SERIOUS_PLOT_BUYING_WARNING_GOOD</ResponseType>
			<Response>TXT_KEY_LEADER_DROGO_HUMAN_SERIOUS_PLOT_BUYING_WARNING_GOOD%</Response>
		</Row>
		<Row LeaderType="LEADER_DROGO">
			<ResponseType>RESPONSE_HUMAN_PLOT_BUYING_WARNING_BAD</ResponseType>
			<Response>TXT_KEY_LEADER_DROGO_HUMAN_PLOT_BUYING_WARNING_BAD%</Response>
		</Row>
		<Row LeaderType="LEADER_DROGO">
			<ResponseType>RESPONSE_HUMAN_PLOT_BUYING_WARNING_GOOD</ResponseType>
			<Response>TXT_KEY_LEADER_DROGO_HUMAN_PLOT_BUYING_WARNING_GOOD%</Response>
		</Row>
	</Diplomacy_Responses>-->

</GameData>