<?xml version="1.0" encoding="utf-8"?>
<!-- Created by ModBuddy on 10/21/2012 1:00:38 AM -->
<GameData>
	<Leaders>
		<Row>
			<Type>LEADER_BALON</Type>
			<Description>TXT_KEY_LEADER_BALON</Description>
			<Civilopedia>TXT_KEY_LEADER_BALON_PEDIA</Civilopedia>
			<CivilopediaTag>TXT_KEY_CIVILOPEDIA_LEADERS_BALON</CivilopediaTag>
			<ArtDefineTag>Balon_Scene.xml</ArtDefineTag>
			<VictoryCompetitiveness>3</VictoryCompetitiveness>
			<WonderCompetitiveness>3</WonderCompetitiveness>
			<MinorCivCompetitiveness>5</MinorCivCompetitiveness>
			<Boldness>7</Boldness>
			<DiploBalance>4</DiploBalance>
			<WarmongerHate>4</WarmongerHate>
			<DenounceWillingness>5</DenounceWillingness>
			<DoFWillingness>5</DoFWillingness>
			<Loyalty>7</Loyalty>
			<Neediness>4</Neediness>
			<Forgiveness>5</Forgiveness>
			<Chattiness>4</Chattiness>
			<Meanness>6</Meanness>
			<PortraitIndex>0</PortraitIndex>
			<IconAtlas>LEADER_ATLAS_BALON</IconAtlas>
		</Row>
	</Leaders>
	<Leader_MajorCivApproachBiases>
		<Row>
			<LeaderType>LEADER_BALON</LeaderType>
			<MajorCivApproachType>MAJOR_CIV_APPROACH_WAR</MajorCivApproachType>
			<Bias>6</Bias>
		</Row>
		<Row>
			<LeaderType>LEADER_BALON</LeaderType>
			<MajorCivApproachType>MAJOR_CIV_APPROACH_HOSTILE</MajorCivApproachType>
			<Bias>6</Bias>
		</Row>
		<Row>
			<LeaderType>LEADER_BALON</LeaderType>
			<MajorCivApproachType>MAJOR_CIV_APPROACH_DECEPTIVE</MajorCivApproachType>
			<Bias>4</Bias>
		</Row>
		<Row>
			<LeaderType>LEADER_BALON</LeaderType>
			<MajorCivApproachType>MAJOR_CIV_APPROACH_GUARDED</MajorCivApproachType>
			<Bias>5</Bias>
		</Row>
		<Row>
			<LeaderType>LEADER_BALON</LeaderType>
			<MajorCivApproachType>MAJOR_CIV_APPROACH_AFRAID</MajorCivApproachType>
			<Bias>3</Bias>
		</Row>
		<Row>
			<LeaderType>LEADER_BALON</LeaderType>
			<MajorCivApproachType>MAJOR_CIV_APPROACH_FRIENDLY</MajorCivApproachType>
			<Bias>5</Bias>
		</Row>
		<Row>
			<LeaderType>LEADER_BALON</LeaderType>
			<MajorCivApproachType>MAJOR_CIV_APPROACH_NEUTRAL</MajorCivApproachType>
			<Bias>5</Bias>
		</Row>
	</Leader_MajorCivApproachBiases>
	<Leader_MinorCivApproachBiases>
		<Row>
			<LeaderType>LEADER_BALON</LeaderType>
			<MinorCivApproachType>MINOR_CIV_APPROACH_IGNORE</MinorCivApproachType>
			<Bias>6</Bias>
		</Row>
		<Row>
			<LeaderType>LEADER_BALON</LeaderType>
			<MinorCivApproachType>MINOR_CIV_APPROACH_FRIENDLY</MinorCivApproachType>
			<Bias>4</Bias>
		</Row>
		<Row>
			<LeaderType>LEADER_BALON</LeaderType>
			<MinorCivApproachType>MINOR_CIV_APPROACH_PROTECTIVE</MinorCivApproachType>
			<Bias>4</Bias>
		</Row>
		<Row>
			<LeaderType>LEADER_BALON</LeaderType>
			<MinorCivApproachType>MINOR_CIV_APPROACH_CONQUEST</MinorCivApproachType>
			<Bias>6</Bias>
		</Row>
		<Row>
			<LeaderType>LEADER_BALON</LeaderType>
			<MinorCivApproachType>MINOR_CIV_APPROACH_BULLY</MinorCivApproachType>
			<Bias>7</Bias>
		</Row>
	</Leader_MinorCivApproachBiases>
	<Leader_Flavors>
		<Row>
			<LeaderType>LEADER_BALON</LeaderType>
			<FlavorType>FLAVOR_OFFENSE</FlavorType>
			<Flavor>7</Flavor>
		</Row>
		<Row>
			<LeaderType>LEADER_BALON</LeaderType>
			<FlavorType>FLAVOR_DEFENSE</FlavorType>
			<Flavor>4</Flavor>
		</Row>
		<Row>
			<LeaderType>LEADER_BALON</LeaderType>
			<FlavorType>FLAVOR_CITY_DEFENSE</FlavorType>
			<Flavor>5</Flavor>
		</Row>
		<Row>
			<LeaderType>LEADER_BALON</LeaderType>
			<FlavorType>FLAVOR_MILITARY_TRAINING</FlavorType>
			<Flavor>6</Flavor>
		</Row>
		<Row>
			<LeaderType>LEADER_BALON</LeaderType>
			<FlavorType>FLAVOR_RECON</FlavorType>
			<Flavor>5</Flavor>
		</Row>
		<Row>
			<LeaderType>LEADER_BALON</LeaderType>
			<FlavorType>FLAVOR_RANGED</FlavorType>
			<Flavor>4</Flavor>
		</Row>
		<Row>
			<LeaderType>LEADER_BALON</LeaderType>
			<FlavorType>FLAVOR_MOBILE</FlavorType>
			<Flavor>5</Flavor>
		</Row>
		<Row>
			<LeaderType>LEADER_BALON</LeaderType>
			<FlavorType>FLAVOR_NAVAL</FlavorType>
			<Flavor>8</Flavor>
		</Row>
		<Row>
			<LeaderType>LEADER_BALON</LeaderType>
			<FlavorType>FLAVOR_NAVAL_RECON</FlavorType>
			<Flavor>8</Flavor>
		</Row>
		<Row>
			<LeaderType>LEADER_BALON</LeaderType>
			<FlavorType>FLAVOR_NAVAL_GROWTH</FlavorType>
			<Flavor>8</Flavor>
		</Row>
		<Row>
			<LeaderType>LEADER_BALON</LeaderType>
			<FlavorType>FLAVOR_NAVAL_TILE_IMPROVEMENT</FlavorType>
			<Flavor>8</Flavor>
		</Row>
		<Row>
			<LeaderType>LEADER_BALON</LeaderType>
			<FlavorType>FLAVOR_AIR</FlavorType>
			<Flavor>5</Flavor>
		</Row>
		<Row>
			<LeaderType>LEADER_BALON</LeaderType>
			<FlavorType>FLAVOR_EXPANSION</FlavorType>
			<Flavor>6</Flavor>
		</Row>
		<Row>
			<LeaderType>LEADER_BALON</LeaderType>
			<FlavorType>FLAVOR_GROWTH</FlavorType>
			<Flavor>5</Flavor>
		</Row>
		<Row>
			<LeaderType>LEADER_BALON</LeaderType>
			<FlavorType>FLAVOR_TILE_IMPROVEMENT</FlavorType>
			<Flavor>5</Flavor>
		</Row>
		<Row>
			<LeaderType>LEADER_BALON</LeaderType>
			<FlavorType>FLAVOR_INFRASTRUCTURE</FlavorType>
			<Flavor>4</Flavor>
		</Row>
		<Row>
			<LeaderType>LEADER_BALON</LeaderType>
			<FlavorType>FLAVOR_PRODUCTION</FlavorType>
			<Flavor>5</Flavor>
		</Row>
		<Row>
			<LeaderType>LEADER_BALON</LeaderType>
			<FlavorType>FLAVOR_GOLD</FlavorType>
			<Flavor>7</Flavor>
		</Row>
		<Row>
			<LeaderType>LEADER_BALON</LeaderType>
			<FlavorType>FLAVOR_SCIENCE</FlavorType>
			<Flavor>5</Flavor>
		</Row>
		<Row>
			<LeaderType>LEADER_BALON</LeaderType>
			<FlavorType>FLAVOR_CULTURE</FlavorType>
			<Flavor>5</Flavor>
		</Row>
		<Row>
			<LeaderType>LEADER_BALON</LeaderType>
			<FlavorType>FLAVOR_HAPPINESS</FlavorType>
			<Flavor>5</Flavor>
		</Row>
		<Row>
			<LeaderType>LEADER_BALON</LeaderType>
			<FlavorType>FLAVOR_GREAT_PEOPLE</FlavorType>
			<Flavor>6</Flavor>
		</Row>
		<Row>
			<LeaderType>LEADER_BALON</LeaderType>
			<FlavorType>FLAVOR_WONDER</FlavorType>
			<Flavor>3</Flavor>
		</Row>
		<Row>
			<LeaderType>LEADER_BALON</LeaderType>
			<FlavorType>FLAVOR_RELIGION</FlavorType>
			<Flavor>5</Flavor>
		</Row>
		<Row>
			<LeaderType>LEADER_BALON</LeaderType>
			<FlavorType>FLAVOR_DIPLOMACY</FlavorType>
			<Flavor>5</Flavor>
		</Row>
		<Row>
			<LeaderType>LEADER_BALON</LeaderType>
			<FlavorType>FLAVOR_SPACESHIP</FlavorType>
			<Flavor>5</Flavor>
		</Row>
		<Row>
			<LeaderType>LEADER_BALON</LeaderType>
			<FlavorType>FLAVOR_WATER_CONNECTION</FlavorType>
			<Flavor>8</Flavor>
		</Row>
		<Row>
			<LeaderType>LEADER_BALON</LeaderType>
			<FlavorType>FLAVOR_NUKE</FlavorType>
			<Flavor>5</Flavor>
		</Row>
		<Row>
			<LeaderType>LEADER_BALON</LeaderType>
			<FlavorType>FLAVOR_USE_NUKE</FlavorType>
			<Flavor>5</Flavor>
		</Row>
		<Row>
			<LeaderType>LEADER_BALON</LeaderType>
			<FlavorType>FLAVOR_ESPIONAGE</FlavorType>
			<Flavor>5</Flavor>
		</Row>
		<Row>
			<LeaderType>LEADER_BALON</LeaderType>
			<FlavorType>FLAVOR_ANTIAIR</FlavorType>
			<Flavor>5</Flavor>
		</Row>
		<Row>
			<LeaderType>LEADER_BALON</LeaderType>
			<FlavorType>FLAVOR_AIR_CARRIER</FlavorType>
			<Flavor>6</Flavor>
		</Row>
	</Leader_Flavors>
	<Leader_Traits>
		<Row>
			<LeaderType>LEADER_BALON</LeaderType>
			<TraitType>TRAIT_SOW</TraitType>
		</Row>
	</Leader_Traits>
</GameData>