<?xml version="1.0" encoding="utf-8"?>
<!-- Created by ModBuddy on 6/4/2013 7:36:29 PM -->
<GameData>
	<Leaders>
		<Row>
			<Type>LEADER_MANCE</Type>
			<Description>TXT_KEY_LEADER_MANCE</Description>
			<Civilopedia>TXT_KEY_LEADER_MANCE_PEDIA</Civilopedia>
			<CivilopediaTag>TXT_KEY_CIVILOPEDIA_LEADERS_MANCE</CivilopediaTag>
			<ArtDefineTag>Mance_Scene.xml</ArtDefineTag>
			<VictoryCompetitiveness>6</VictoryCompetitiveness>
			<WonderCompetitiveness>2</WonderCompetitiveness>
			<MinorCivCompetitiveness>5</MinorCivCompetitiveness>
			<Boldness>9</Boldness>
			<DiploBalance>5</DiploBalance>
			<WarmongerHate>1</WarmongerHate>
			<DenounceWillingness>6</DenounceWillingness>
			<DoFWillingness>3</DoFWillingness>
			<Loyalty>4</Loyalty>
			<Neediness>4</Neediness>
			<Forgiveness>4</Forgiveness>
			<Chattiness>4</Chattiness>
			<Meanness>5</Meanness>
			<PortraitIndex>0</PortraitIndex>
			<IconAtlas>LEADER_ATLAS_MANCE</IconAtlas>
		</Row>
	</Leaders>
	<Leader_MajorCivApproachBiases>
		<Row>
			<LeaderType>LEADER_MANCE</LeaderType>
			<MajorCivApproachType>MAJOR_CIV_APPROACH_WAR</MajorCivApproachType>
			<Bias>8</Bias>
		</Row>
		<Row>
			<LeaderType>LEADER_MANCE</LeaderType>
			<MajorCivApproachType>MAJOR_CIV_APPROACH_HOSTILE</MajorCivApproachType>
			<Bias>6</Bias>
		</Row>
		<Row>
			<LeaderType>LEADER_MANCE</LeaderType>
			<MajorCivApproachType>MAJOR_CIV_APPROACH_DECEPTIVE</MajorCivApproachType>
			<Bias>7</Bias>
		</Row>
		<Row>
			<LeaderType>LEADER_MANCE</LeaderType>
			<MajorCivApproachType>MAJOR_CIV_APPROACH_GUARDED</MajorCivApproachType>
			<Bias>5</Bias>
		</Row>
		<Row>
			<LeaderType>LEADER_MANCE</LeaderType>
			<MajorCivApproachType>MAJOR_CIV_APPROACH_AFRAID</MajorCivApproachType>
			<Bias>7</Bias>
		</Row>
		<Row>
			<LeaderType>LEADER_MANCE</LeaderType>
			<MajorCivApproachType>MAJOR_CIV_APPROACH_FRIENDLY</MajorCivApproachType>
			<Bias>4</Bias>
		</Row>
		<Row>
			<LeaderType>LEADER_MANCE</LeaderType>
			<MajorCivApproachType>MAJOR_CIV_APPROACH_NEUTRAL</MajorCivApproachType>
			<Bias>5</Bias>
		</Row>
	</Leader_MajorCivApproachBiases>
	<Leader_MinorCivApproachBiases>
		<Row>
			<LeaderType>LEADER_MANCE</LeaderType>
			<MinorCivApproachType>MINOR_CIV_APPROACH_IGNORE</MinorCivApproachType>
			<Bias>3</Bias>
		</Row>
		<Row>
			<LeaderType>LEADER_MANCE</LeaderType>
			<MinorCivApproachType>MINOR_CIV_APPROACH_FRIENDLY</MinorCivApproachType>
			<Bias>3</Bias>
		</Row>
		<Row>
			<LeaderType>LEADER_MANCE</LeaderType>
			<MinorCivApproachType>MINOR_CIV_APPROACH_PROTECTIVE</MinorCivApproachType>
			<Bias>3</Bias>
		</Row>
		<Row>
			<LeaderType>LEADER_MANCE</LeaderType>
			<MinorCivApproachType>MINOR_CIV_APPROACH_CONQUEST</MinorCivApproachType>
			<Bias>8</Bias>
		</Row>
		<Row>
			<LeaderType>LEADER_MANCE</LeaderType>
			<MinorCivApproachType>MINOR_CIV_APPROACH_BULLY</MinorCivApproachType>
			<Bias>8</Bias>
		</Row>
	</Leader_MinorCivApproachBiases>
	<Leader_Flavors>
		<Row>
			<LeaderType>LEADER_MANCE</LeaderType>
			<FlavorType>FLAVOR_OFFENSE</FlavorType>
			<Flavor>9</Flavor>
		</Row>
		<Row>
			<LeaderType>LEADER_MANCE</LeaderType>
			<FlavorType>FLAVOR_DEFENSE</FlavorType>
			<Flavor>3</Flavor>
		</Row>
		<Row>
			<LeaderType>LEADER_MANCE</LeaderType>
			<FlavorType>FLAVOR_CITY_DEFENSE</FlavorType>
			<Flavor>4</Flavor>
		</Row>
		<Row>
			<LeaderType>LEADER_MANCE</LeaderType>
			<FlavorType>FLAVOR_MILITARY_TRAINING</FlavorType>
			<Flavor>4</Flavor>
		</Row>
		<Row>
			<LeaderType>LEADER_MANCE</LeaderType>
			<FlavorType>FLAVOR_RECON</FlavorType>
			<Flavor>6</Flavor>
		</Row>
		<Row>
			<LeaderType>LEADER_MANCE</LeaderType>
			<FlavorType>FLAVOR_RANGED</FlavorType>
			<Flavor>5</Flavor>
		</Row>
		<Row>
			<LeaderType>LEADER_MANCE</LeaderType>
			<FlavorType>FLAVOR_MOBILE</FlavorType>
			<Flavor>5</Flavor>
		</Row>
		<Row>
			<LeaderType>LEADER_MANCE</LeaderType>
			<FlavorType>FLAVOR_NAVAL</FlavorType>
			<Flavor>3</Flavor>
		</Row>
		<Row>
			<LeaderType>LEADER_MANCE</LeaderType>
			<FlavorType>FLAVOR_NAVAL_RECON</FlavorType>
			<Flavor>3</Flavor>
		</Row>
		<Row>
			<LeaderType>LEADER_MANCE</LeaderType>
			<FlavorType>FLAVOR_NAVAL_GROWTH</FlavorType>
			<Flavor>4</Flavor>
		</Row>
		<Row>
			<LeaderType>LEADER_MANCE</LeaderType>
			<FlavorType>FLAVOR_NAVAL_TILE_IMPROVEMENT</FlavorType>
			<Flavor>4</Flavor>
		</Row>
		<Row>
			<LeaderType>LEADER_MANCE</LeaderType>
			<FlavorType>FLAVOR_AIR</FlavorType>
			<Flavor>4</Flavor>
		</Row>
		<Row>
			<LeaderType>LEADER_MANCE</LeaderType>
			<FlavorType>FLAVOR_EXPANSION</FlavorType>
			<Flavor>8</Flavor>
		</Row>
		<Row>
			<LeaderType>LEADER_MANCE</LeaderType>
			<FlavorType>FLAVOR_GROWTH</FlavorType>
			<Flavor>5</Flavor>
		</Row>
		<Row>
			<LeaderType>LEADER_MANCE</LeaderType>
			<FlavorType>FLAVOR_TILE_IMPROVEMENT</FlavorType>
			<Flavor>5</Flavor>
		</Row>
		<Row>
			<LeaderType>LEADER_MANCE</LeaderType>
			<FlavorType>FLAVOR_INFRASTRUCTURE</FlavorType>
			<Flavor>5</Flavor>
		</Row>
		<Row>
			<LeaderType>LEADER_MANCE</LeaderType>
			<FlavorType>FLAVOR_PRODUCTION</FlavorType>
			<Flavor>5</Flavor>
		</Row>
		<Row>
			<LeaderType>LEADER_MANCE</LeaderType>
			<FlavorType>FLAVOR_GOLD</FlavorType>
			<Flavor>5</Flavor>
		</Row>
		<Row>
			<LeaderType>LEADER_MANCE</LeaderType>
			<FlavorType>FLAVOR_SCIENCE</FlavorType>
			<Flavor>4</Flavor>
		</Row>
		<Row>
			<LeaderType>LEADER_MANCE</LeaderType>
			<FlavorType>FLAVOR_CULTURE</FlavorType>
			<Flavor>6</Flavor>
		</Row>
		<Row>
			<LeaderType>LEADER_MANCE</LeaderType>
			<FlavorType>FLAVOR_HAPPINESS</FlavorType>
			<Flavor>6</Flavor>
		</Row>
		<Row>
			<LeaderType>LEADER_MANCE</LeaderType>
			<FlavorType>FLAVOR_GREAT_PEOPLE</FlavorType>
			<Flavor>5</Flavor>
		</Row>
		<Row>
			<LeaderType>LEADER_MANCE</LeaderType>
			<FlavorType>FLAVOR_WONDER</FlavorType>
			<Flavor>6</Flavor>
		</Row>
		<Row>
			<LeaderType>LEADER_MANCE</LeaderType>
			<FlavorType>FLAVOR_RELIGION</FlavorType>
			<Flavor>7</Flavor>
		</Row>
		<Row>
			<LeaderType>LEADER_MANCE</LeaderType>
			<FlavorType>FLAVOR_DIPLOMACY</FlavorType>
			<Flavor>4</Flavor>
		</Row>
		<Row>
			<LeaderType>LEADER_MANCE</LeaderType>
			<FlavorType>FLAVOR_SPACESHIP</FlavorType>
			<Flavor>7</Flavor>
		</Row>
		<Row>
			<LeaderType>LEADER_MANCE</LeaderType>
			<FlavorType>FLAVOR_WATER_CONNECTION</FlavorType>
			<Flavor>4</Flavor>
		</Row>
		<Row>
			<LeaderType>LEADER_MANCE</LeaderType>
			<FlavorType>FLAVOR_NUKE</FlavorType>
			<Flavor>8</Flavor>
		</Row>
		<Row>
			<LeaderType>LEADER_MANCE</LeaderType>
			<FlavorType>FLAVOR_USE_NUKE</FlavorType>
			<Flavor>8</Flavor>
		</Row>
		<Row>
			<LeaderType>LEADER_MANCE</LeaderType>
			<FlavorType>FLAVOR_ESPIONAGE</FlavorType>
			<Flavor>5</Flavor>
		</Row>
		<Row>
			<LeaderType>LEADER_MANCE</LeaderType>
			<FlavorType>FLAVOR_ANTIAIR</FlavorType>
			<Flavor>5</Flavor>
		</Row>
		<Row>
			<LeaderType>LEADER_MANCE</LeaderType>
			<FlavorType>FLAVOR_AIR_CARRIER</FlavorType>
			<Flavor>6</Flavor>
		</Row>
	</Leader_Flavors>
	<Leader_Traits>
		<Row>
			<LeaderType>LEADER_MANCE</LeaderType>
			<TraitType>TRAIT_CULTURE_FROM_KILLS</TraitType>
		</Row>
	</Leader_Traits>
</GameData>