<?xml version="1.0" encoding="utf-8"?>
<!-- Created by ModBuddy on 10/19/2012 8:46:26 PM -->
<GameData>
	<PlayerColors>
		<Row>
			<Type>PLAYERCOLOR_DOTHRAKI</Type>
			<PrimaryColor>COLOR_PLAYER_LIGHT_BROWN</PrimaryColor>
			<SecondaryColor>COLOR_PLAYER_BLACK</SecondaryColor>
			<TextColor>COLOR_PLAYER_LIGHT_BROWN_TEXT</TextColor>
		</Row>
		<Row>
			<Type>PLAYERCOLOR_BARATHEON</Type>
			<PrimaryColor>COLOR_PLAYER_BLACK</PrimaryColor>
			<SecondaryColor>COLOR_PLAYER_YELLOW</SecondaryColor>
			<TextColor>COLOR_PLAYER_LIGHT_BLACK_TEXT</TextColor>
		</Row>
		<Row>
			<Type>PLAYERCOLOR_IRON</Type>
			<PrimaryColor>COLOR_PLAYER_DARK_YELLOW</PrimaryColor>
			<SecondaryColor>COLOR_PLAYER_BLACK</SecondaryColor>
			<TextColor>COLOR_PLAYER_DARK_YELLOW_TEXT</TextColor>
		</Row>
		<Row>
			<Type>PLAYERCOLOR_STANNIS</Type>
			<PrimaryColor>COLOR_PLAYER_BLACK</PrimaryColor>
			<SecondaryColor>COLOR_PLAYER_RED</SecondaryColor>
			<TextColor>COLOR_PLAYER_BLACK_TEXT</TextColor>
		</Row>
		<Row>
			<Type>PLAYERCOLOR_TARGARYEN</Type>
			<PrimaryColor>COLOR_PLAYER_RED</PrimaryColor>
			<SecondaryColor>COLOR_PLAYER_DARK_GRAY</SecondaryColor>
			<TextColor>COLOR_PLAYER_RED_TEXT</TextColor>
		</Row>
		<Row>
			<Type>PLAYERCOLOR_TYRELL</Type>
			<PrimaryColor>COLOR_PLAYER_DARK_YELLOW</PrimaryColor>
			<SecondaryColor>COLOR_PLAYER_DARK_GREEN</SecondaryColor>
			<TextColor>COLOR_PLAYER_DARK_YELLOW_TEXT</TextColor>
		</Row>
		<Row>
			<Type>PLAYERCOLOR_TULLY</Type>
			<PrimaryColor>COLOR_PLAYER_RED</PrimaryColor>
			<SecondaryColor>COLOR_PLAYER_MIDDLE_BLUE</SecondaryColor>
			<TextColor>COLOR_PLAYER_RED_TEXT</TextColor>
		</Row>
		<Row>
			<Type>PLAYERCOLOR_FREEFOLK</Type>
			<PrimaryColor>COLOR_PLAYER_FREEFOLK_PRIMARY</PrimaryColor>
			<SecondaryColor>COLOR_PLAYER_FREEFOLK_SECONDARY</SecondaryColor>
			<TextColor>COLOR_PLAYER_WHITE_TEXT</TextColor>
		</Row>
		<Row>
			<Type>PLAYERCOLOR_ARRYN</Type>
			<PrimaryColor>COLOR_PLAYER_WHITE</PrimaryColor>
			<SecondaryColor>COLOR_PLAYER_ARRYN_PRIMARY</SecondaryColor>
			<TextColor>COLOR_PLAYER_WHITE_TEXT</TextColor>
		</Row>
	</PlayerColors>
	<Colors>
		<Row>
			<Type>COLOR_PLAYER_FREEFOLK_PRIMARY</Type>
			<Red>0.788</Red>
			<Green>0.973</Green>
			<Blue>1.000</Blue>
			<Alpha>1</Alpha>
		</Row>
		<Row>
			<Type>COLOR_PLAYER_FREEFOLK_SECONDARY</Type>
			<Red>0.169</Red>
			<Green>0.318</Green>
			<Blue>0.384</Blue>
			<Alpha>1</Alpha>
		</Row>
		<Row>
			<Type>COLOR_PLAYER_ARRYN_PRIMARY</Type>
			<Red>0.255</Red>
			<Green>0.553</Green>
			<Blue>0.996</Blue>
			<Alpha>1.0</Alpha>
		</Row>
	</Colors>
</GameData>