﻿<?xml version="1.0" encoding="utf-8"?>
<!-- Created by ModBuddy on 2012-02-12 2:29:20 PM -->
<GameData>
	<IconTextureAtlases>
		<!-- Dragons -->
		<Row>
			<Atlas>ADRAGON_UNIT_ATLAS</Atlas>
			<IconSize>256</IconSize>
			<Filename>SDragonUnitAtlas256.dds</Filename>
			<IconsPerRow>8</IconsPerRow>
			<IconsPerColumn>8</IconsPerColumn>
		</Row>
		<Row>
			<Atlas>ADRAGON_UNIT_ATLAS</Atlas>
			<IconSize>128</IconSize>
			<Filename>SDragonUnitAtlas128.dds</Filename>
			<IconsPerRow>8</IconsPerRow>
			<IconsPerColumn>8</IconsPerColumn>
		</Row>
		<Row>
			<Atlas>ADRAGON_UNIT_ATLAS</Atlas>
			<IconSize>80</IconSize>
			<Filename>SDragonUnitAtlas80.dds</Filename>
			<IconsPerRow>8</IconsPerRow>
			<IconsPerColumn>8</IconsPerColumn>
		</Row>
		<Row>
			<Atlas>ADRAGON_UNIT_ATLAS</Atlas>
			<IconSize>64</IconSize>
			<Filename>SDragonUnitAtlas64.dds</Filename>
			<IconsPerRow>8</IconsPerRow>
			<IconsPerColumn>8</IconsPerColumn>
		</Row>
		<Row>
			<Atlas>ADRAGON_UNIT_ATLAS</Atlas>
			<IconSize>45</IconSize>
			<Filename>SDragonUnitAtlas45.dds</Filename>
			<IconsPerRow>8</IconsPerRow>
			<IconsPerColumn>8</IconsPerColumn>
		</Row>
		<Row>
			<Atlas>ADRAGON_UNIT_ATLAS</Atlas>
			<IconSize>32</IconSize>
			<Filename>SDragonUnitAtlas32.dds</Filename>
			<IconsPerRow>8</IconsPerRow>
			<IconsPerColumn>8</IconsPerColumn>
		</Row>
		
		<Row>
			<Atlas>DRAGON_UNIT_FLAG_ATLAS</Atlas>
			<IconSize>32</IconSize>
			<Filename>DragonUnitFlagAtlas32.dds</Filename>
			<IconsPerRow>1</IconsPerRow>
			<IconsPerColumn>1</IconsPerColumn>
		</Row>
		
		<Row>
			<Atlas>YDRAGON_UNIT_FLAG_ATLAS</Atlas>
			<IconSize>32</IconSize>
			<Filename>YDragonUnitFlagAtlas32.dds</Filename>
			<IconsPerRow>1</IconsPerRow>
			<IconsPerColumn>1</IconsPerColumn>
		</Row>
		
		<Row>
			<Atlas>MDRAGON_UNIT_FLAG_ATLAS</Atlas>
			<IconSize>32</IconSize>
			<Filename>MDragonUnitFlagAtlas32.dds</Filename>
			<IconsPerRow>1</IconsPerRow>
			<IconsPerColumn>1</IconsPerColumn>
		</Row>

		<Row>
			<Atlas>EDRAGON_UNIT_FLAG_ATLAS</Atlas>
			<IconSize>32</IconSize>
			<Filename>EDragonUnitFlagAtlas32.dds</Filename>
			<IconsPerRow>1</IconsPerRow>
			<IconsPerColumn>1</IconsPerColumn>
		</Row>
		
		<!-- Direwolf Pack -->
		<Row>
			<Atlas>WOLVES_UNIT_ATLAS</Atlas>
			<IconSize>256</IconSize>
			<Filename>WolvesUnitAtlas256.dds</Filename>
			<IconsPerRow>8</IconsPerRow>
			<IconsPerColumn>8</IconsPerColumn>
		</Row>
		<Row>
			<Atlas>WOLVES_UNIT_ATLAS</Atlas>
			<IconSize>128</IconSize>
			<Filename>WolvesUnitAtlas128.dds</Filename>
			<IconsPerRow>8</IconsPerRow>
			<IconsPerColumn>8</IconsPerColumn>
		</Row>
		<Row>
			<Atlas>WOLVES_UNIT_ATLAS</Atlas>
			<IconSize>80</IconSize>
			<Filename>WolvesUnitAtlas80.dds</Filename>
			<IconsPerRow>8</IconsPerRow>
			<IconsPerColumn>8</IconsPerColumn>
		</Row>
		<Row>
			<Atlas>WOLVES_UNIT_ATLAS</Atlas>
			<IconSize>64</IconSize>
			<Filename>WolvesUnitAtlas64.dds</Filename>
			<IconsPerRow>8</IconsPerRow>
			<IconsPerColumn>8</IconsPerColumn>
		</Row>
		<Row>
			<Atlas>WOLVES_UNIT_ATLAS</Atlas>
			<IconSize>45</IconSize>
			<Filename>WolvesUnitAtlas45.dds</Filename>
			<IconsPerRow>8</IconsPerRow>
			<IconsPerColumn>8</IconsPerColumn>
		</Row>
		<Row>
			<Atlas>WOLVES_UNIT_ATLAS</Atlas>
			<IconSize>32</IconSize>
			<Filename>WolvesUnitAtlas32.dds</Filename>
			<IconsPerRow>8</IconsPerRow>
			<IconsPerColumn>8</IconsPerColumn>
		</Row>
		<Row>
			<Atlas>WOLVES_UNIT_FLAG_ATLAS</Atlas>
			<IconSize>32</IconSize>
			<Filename>WolvesUnitFlagAtlas32.dds</Filename>
			<IconsPerRow>8</IconsPerRow>
			<IconsPerColumn>8</IconsPerColumn>
		</Row>
	</IconTextureAtlases>
</GameData>