<?xml version="1.0" encoding="utf-8"?>
<!-- Created by ModBuddy on 10/14/2012 12:12:37 AM -->
<GameData>
	<Buildings>
		<Update>
			<Where Type="BUILDING_WINDMILL"/>
			<Set PrereqTech="TECH_ENGINEERING"/>
		</Update>
		<Row>
			<Type>BUILDING_NORTH_WALL</Type>
			<BuildingClass>BUILDINGCLASS_CASTLE</BuildingClass>
			<Cost>160</Cost>
			<PrereqTech>TECH_CHIVALRY</PrereqTech>
			<Help>TXT_KEY_BUILDING_WALLS_STRATEGY</Help>
			<Description>TXT_KEY_BUILDING_NORTH_WALL</Description>
			<Civilopedia>TXT_KEY_CIV5_BUILDINGS_NORTH_WALL_TEXT</Civilopedia>
			<Strategy>TXT_KEY_BUILDING_NORTH_WALL_STRATEGY</Strategy>
			<ArtDefineTag>CASTLE</ArtDefineTag>
			<MinAreaSize>-1</MinAreaSize>
			<ConquestProb>100</ConquestProb>
			<Happiness>1</Happiness>
			<AllowsRangeStrike>true</AllowsRangeStrike>
			<Defense>750</Defense>
			<ExtraCityHitPoints>25</ExtraCityHitPoints>
			<HurryCostModifier>25</HurryCostModifier>
			<IconAtlas>ADRAGON_UNIT_ATLAS</IconAtlas>
			<ArtInfoCulturalVariation>true</ArtInfoCulturalVariation>
			<DisplayPosition>1</DisplayPosition>
			<NeverCapture>true</NeverCapture>
			<PortraitIndex>29</PortraitIndex>
		</Row>
		<Row>
			<Type>BUILDING_LMARKET</Type>
			<BuildingClass>BUILDINGCLASS_MARKET</BuildingClass>
			<FreeStartEra>ERA_INDUSTRIAL</FreeStartEra>
			<Cost>100</Cost>
			<PrereqTech>TECH_CURRENCY</PrereqTech>
			<Help>TXT_KEY_BUILDING_LMARKET_STRATEGY</Help>
			<Description>TXT_KEY_BUILDING_LMARKET</Description>
			<Civilopedia>TXT_KEY_CIV5_BUILDINGS_LMARKET_TEXT</Civilopedia>
			<Strategy>TXT_KEY_BUILDING_LMARKET_STRATEGY</Strategy>
			<ArtDefineTag>ART_DEF_BUILDING_MARKET</ArtDefineTag>
			<ExtraLuxuries>true</ExtraLuxuries>
			<SpecialistType>SPECIALIST_MERCHANT</SpecialistType>
			<SpecialistCount>1</SpecialistCount>
			<MinAreaSize>-1</MinAreaSize>
			<ConquestProb>75</ConquestProb>
			<HurryCostModifier>25</HurryCostModifier>
			<IconAtlas>BW_ATLAS_1</IconAtlas>
			<PortraitIndex>50</PortraitIndex>
		</Row>
		<Row>
			<Type>BUILDING_NIGHTFIRE</Type>
			<BuildingClass>BUILDINGCLASS_TEMPLE</BuildingClass>
			<MaxStartEra>ERA_RENAISSANCE</MaxStartEra>
			<Cost>100</Cost>
			<GoldMaintenance>2</GoldMaintenance>
			<PrereqTech>TECH_PHILOSOPHY</PrereqTech>
			<Help>TXT_KEY_BUILDING_NIGHTFIRE_STRATEGY</Help>
			<Description>TXT_KEY_BUILDING_NIGHTFIRE</Description>
			<Civilopedia>TXT_KEY_CIV5_BUILDINGS_NIGHTFIRE_TEXT</Civilopedia>
			<Strategy>TXT_KEY_BUILDING_NIGHTFIRE_STRATEGY</Strategy>
			<ArtDefineTag>TEMPLE</ArtDefineTag>
			<MinAreaSize>-1</MinAreaSize>
			<HurryCostModifier>25</HurryCostModifier>
			<IconAtlas>ADRAGON_UNIT_ATLAS</IconAtlas>
			<NeverCapture>true</NeverCapture>
			<PortraitIndex>27</PortraitIndex>
		</Row>
		<Row>
			<Type>BUILDING_IHARBOR</Type>
			<BuildingClass>BUILDINGCLASS_HARBOR</BuildingClass>
			<Cost>120</Cost>
			<GoldMaintenance>3</GoldMaintenance>
			<PrereqTech>TECH_COMPASS</PrereqTech>
			<Help>TXT_KEY_BUILDING_IHARBOR_HELP</Help>
			<Description>TXT_KEY_BUILDING_IHARBOR</Description>
			<Civilopedia>TXT_KEY_BUILDING_HARBOR_PEDIA</Civilopedia>
			<Strategy>TXT_KEY_BUILDING_HARBOR_STRATEGY</Strategy>
			<ArtDefineTag>ART_DEF_BUILDING_SEAPORT</ArtDefineTag>
			<Water>true</Water>
			<AllowsWaterRoutes>true</AllowsWaterRoutes>
			<MinAreaSize>10</MinAreaSize>
			<ConquestProb>66</ConquestProb>
			<HurryCostModifier>25</HurryCostModifier>
			<ArtInfoEraVariation>true</ArtInfoEraVariation>
			<DisplayPosition>16</DisplayPosition>
			<IconAtlas>BW_ATLAS_1</IconAtlas>
			<PortraitIndex>48</PortraitIndex>
		</Row>
		<Row>
			<Type>BUILDING_TOURNAMENT</Type>
			<BuildingClass>BUILDINGCLASS_CIRCUS</BuildingClass>
			<Cost>75</Cost>
			<PrereqTech>TECH_TRAPPING</PrereqTech>
			<Help>TXT_KEY_BUILDING_TOURNAMENT_STRATEGY</Help>
			<Description>TXT_KEY_BUILDING_TOURNAMENT</Description>
			<Civilopedia>TXT_KEY_CIV5_BUILDINGS_COLISEUM_TEXT</Civilopedia>
			<Strategy>TXT_KEY_BUILDING_TOURNAMENT_STRATEGY</Strategy>
			<ArtDefineTag>ART_DEF_BUILDING_CIRCUS</ArtDefineTag>
			<MinAreaSize>-1</MinAreaSize>
			<Happiness>3</Happiness>
			<HurryCostModifier>25</HurryCostModifier>
			<IconAtlas>ADRAGON_UNIT_ATLAS</IconAtlas>
			<PortraitIndex>24</PortraitIndex>
		</Row>
		<Row>
			<Type>BUILDING_TYRELL_GARDEN</Type>
			<BuildingClass>BUILDINGCLASS_GARDEN</BuildingClass>
			<Cost>120</Cost>
			<GoldMaintenance>1</GoldMaintenance>
			<PrereqTech>TECH_THEOLOGY</PrereqTech>
			<Description>TXT_KEY_BUILDING_TYRELL_GARDEN</Description>
			<Civilopedia>TXT_KEY_CIV5_BUILDINGS_GARDEN_TEXT</Civilopedia>
			<Strategy>TXT_KEY_BUILDING_TYRELL_GARDEN_STRATEGY</Strategy>
			<Help>TXT_KEY_BUILDING_GARDEN_HELP</Help>
			<ArtDefineTag>ART_DEF_BUILDING_GARDEN</ArtDefineTag>
			<MinAreaSize>-1</MinAreaSize>
			<ConquestProb>66</ConquestProb>
			<FreshWater>true</FreshWater>
			<GreatPeopleRateModifier>25</GreatPeopleRateModifier>
			<HurryCostModifier>25</HurryCostModifier>
			<IconAtlas>ADRAGON_UNIT_ATLAS</IconAtlas>
			<PortraitIndex>21</PortraitIndex>
		</Row>
		<Row>
			<Type>BUILDING_TULLY_MILL</Type>
			<BuildingClass>BUILDINGCLASS_WATERMILL</BuildingClass>
			<Cost>75</Cost>
			<GoldMaintenance>2</GoldMaintenance>
			<PrereqTech>TECH_THE_WHEEL</PrereqTech>
			<Description>TXT_KEY_BUILDING_TULLY_MILL</Description>
			<Civilopedia>TXT_KEY_CIV5_BUILDINGS_WATERMILL_TEXT</Civilopedia>
			<Strategy>TXT_KEY_BUILDING_TULLY_MILL_STRATEGY</Strategy>
			<Help>TXT_KEY_BUILDING_TULLY_MILL_STRATEGY</Help>
			<ArtDefineTag>ART_DEF_BUILDING_WATERMILL</ArtDefineTag>
			<River>true</River>
			<MinAreaSize>-1</MinAreaSize>
			<ConquestProb>66</ConquestProb>
			<HurryCostModifier>25</HurryCostModifier>
			<IconAtlas>ADRAGON_UNIT_ATLAS</IconAtlas>
			<PortraitIndex>16</PortraitIndex>
		</Row>
		<Row>
			<Type>BUILDING_EYRIE</Type>
			<BuildingClass>BUILDINGCLASS_CASTLE</BuildingClass>
			<Cost>200</Cost>
			<PrereqTech>TECH_CHIVALRY</PrereqTech>
			<Help>TXT_KEY_BUILDING_EYRIE_HELP</Help>
			<Description>TXT_KEY_BUILDING_EYRIE</Description>
			<Civilopedia>TXT_KEY_BUILDING_EYRIE_DESC</Civilopedia>
			<Strategy>TXT_KEY_BUILDING_EYRIE_STRATEGY</Strategy>
			<ArtDefineTag>NEUSCHWANSTEIN CASTLE</ArtDefineTag>
			<Defense>700</Defense>
			<ExtraCityHitPoints>75</ExtraCityHitPoints>
			<Happiness>1</Happiness>
			<AllowsRangeStrike>true</AllowsRangeStrike>
			<NearbyMountainRequired>true</NearbyMountainRequired>
			<HurryCostModifier>25</HurryCostModifier>
			<MinAreaSize>-1</MinAreaSize>
			<DisplayPosition>64</DisplayPosition>
			<IconAtlas>EXPANSION_BW_ATLAS_2</IconAtlas>
			<PortraitIndex>5</PortraitIndex>
		</Row>
		<Row>
			<Type>BUILDING_GREAT_PYRAMID</Type>
			<BuildingClass>BUILDINGCLASS_CASTLE</BuildingClass>
			<Cost>160</Cost>
			<PrereqTech>TECH_CHIVALRY</PrereqTech>
			<Help>TXT_KEY_BUILDING_GREAT_PYRAMID_HELP</Help>
			<Description>TXT_KEY_BUILDING_GREAT_PYRAMID</Description>
			<Civilopedia>TXT_KEY_CIV5_BUILDINGS_GREAT_PYRAMID_TEXT</Civilopedia>
			<Strategy>TXT_KEY_BUILDING_GREAT_PYRAMID_STRATEGY</Strategy>
			<ArtDefineTag>THE PYRAMIDS</ArtDefineTag>
			<MinAreaSize>-1</MinAreaSize>
			<AllowsRangeStrike>true</AllowsRangeStrike>
			<Defense>700</Defense>
			<ExtraCityHitPoints>25</ExtraCityHitPoints>
			<HurryCostModifier>25</HurryCostModifier>
			<DisplayPosition>4</DisplayPosition>
			<NeverCapture>true</NeverCapture>
			<IconAtlas>ADRAGON_UNIT_ATLAS</IconAtlas>
			<PortraitIndex>41</PortraitIndex>
		</Row>
		<Row>
			<Type>BUILDING_HORSE_GATE</Type>
			<BuildingClass>BUILDINGCLASS_WALLS</BuildingClass>
			<Cost>75</Cost>
			<PrereqTech>TECH_MASONRY</PrereqTech>
			<Help>TXT_KEY_BUILDING_HORSE_GATE_HELP</Help>
			<Description>TXT_KEY_BUILDING_HORSE_GATE</Description>
			<Civilopedia>TXT_KEY_CIV5_BUILDINGS_HORSE_GATE_TEXT</Civilopedia>
			<Strategy>TXT_KEY_BUILDING_HORSE_GATE_STRATEGY</Strategy>
			<ArtDefineTag>ART_DEF_BUILDING_WALLS</ArtDefineTag>
			<MinAreaSize>-1</MinAreaSize>
			<AllowsRangeStrike>true</AllowsRangeStrike>
			<Defense>500</Defense>
			<ExtraCityHitPoints>50</ExtraCityHitPoints>
			<HurryCostModifier>25</HurryCostModifier>
			<IconAtlas>ADRAGON_UNIT_ATLAS</IconAtlas>
			<NeverCapture>true</NeverCapture>
			<PortraitIndex>62</PortraitIndex>
		</Row>
		<Row>
			<Type>BUILDING_SPEAR_TOWER</Type>
			<BuildingClass>BUILDINGCLASS_SPACESHIP_FACTORY</BuildingClass>
			<Cost>100</Cost>
			<GoldMaintenance>1</GoldMaintenance>
			<PrereqTech>TECH_CONSTRUCTION</PrereqTech>
			<Help>TXT_KEY_BUILDING_SPEAR_TOWER_HELP</Help>
			<Description>TXT_KEY_BUILDING_SPEAR_TOWER_DESC</Description>
			<Civilopedia>TXT_KEY_BUILDING_SPEAR_TOWER_PEDIA</Civilopedia>
			<Strategy>TXT_KEY_BUILDING_SPEAR_TOWER_STRATEGY</Strategy>
			<ArtDefineTag>PORCELAIN TOWER</ArtDefineTag>
			<MinAreaSize>-1</MinAreaSize>
			<ConquestProb>66</ConquestProb>
			<DisplayPosition>2</DisplayPosition>
			<HurryCostModifier>25</HurryCostModifier>
			<IconAtlas>BW_ATLAS_1</IconAtlas>
			<PortraitIndex>51</PortraitIndex>
		</Row>
		<Row>
			<Type>BUILDING_STORMS_END</Type>
			<BuildingClass>BUILDINGCLASS_CASTLE</BuildingClass>
			<Cost>160</Cost>
			<PrereqTech>TECH_CHIVALRY</PrereqTech>
			<Help>TXT_KEY_BUILDING_STORMS_END_HELP</Help>
			<Description>TXT_KEY_BUILDING_STORMS_END</Description>
			<Civilopedia>TXT_KEY_CIV5_BUILDINGS_STORMS_END_TEXT</Civilopedia>
			<Strategy>TXT_KEY_BUILDING_STORMS_END_STRATEGY</Strategy>
			<ArtDefineTag>CASTLE</ArtDefineTag>
			<MinAreaSize>-1</MinAreaSize>
			<ConquestProb>100</ConquestProb>
			<Happiness>1</Happiness>
			<AllowsRangeStrike>true</AllowsRangeStrike>
			<Defense>900</Defense>
			<ExtraCityHitPoints>40</ExtraCityHitPoints>
			<HurryCostModifier>25</HurryCostModifier>
			<IconAtlas>ADRAGON_UNIT_ATLAS</IconAtlas>
			<ArtInfoCulturalVariation>true</ArtInfoCulturalVariation>
			<DisplayPosition>1</DisplayPosition>
			<NeverCapture>true</NeverCapture>
			<PortraitIndex>33</PortraitIndex>
		</Row>
	</Buildings>
	<Building_ClassesNeededInCity>
		<Row>
			<BuildingType>BUILDING_NIGHTFIRE</BuildingType>
			<BuildingClassType>BUILDINGCLASS_SHRINE</BuildingClassType>
		</Row>
		<Row>
			<BuildingType>BUILDING_NORTH_WALL</BuildingType>
			<BuildingClassType>BUILDINGCLASS_WALLS</BuildingClassType>
		</Row>
		<Row>
			<BuildingType>BUILDING_GREAT_PYRAMID</BuildingType>
			<BuildingClassType>BUILDINGCLASS_WALLS</BuildingClassType>
		</Row>
		<Row>
			<BuildingType>BUILDING_STORMS_END</BuildingType>
			<BuildingClassType>BUILDINGCLASS_WALLS</BuildingClassType>
		</Row>
	</Building_ClassesNeededInCity>
	<Building_FreeUnits>
		<Row>
			<BuildingType>BUILDING_GREAT_PYRAMID</BuildingType>
			<UnitType>UNIT_GREAT_GENERAL</UnitType>
			<NumUnits>1</NumUnits>
		</Row>
	</Building_FreeUnits>
	<Building_Flavors>
		<Row>
			<BuildingType>BUILDING_NORTH_WALL</BuildingType>
			<FlavorType>FLAVOR_CITY_DEFENSE</FlavorType>
			<Flavor>40</Flavor>
		</Row>
		<Row>
			<BuildingType>BUILDING_LMARKET</BuildingType>
			<FlavorType>FLAVOR_GOLD</FlavorType>
			<Flavor>50</Flavor>
		</Row>
		<Row>
			<BuildingType>BUILDING_LMARKET</BuildingType>
			<FlavorType>FLAVOR_HAPPINESS</FlavorType>
			<Flavor>10</Flavor>
		</Row>
		<Row>
			<BuildingType>BUILDING_LMARKET</BuildingType>
			<FlavorType>FLAVOR_GREAT_PEOPLE</FlavorType>
			<Flavor>2</Flavor>
		</Row>
		<Row>
			<BuildingType>BUILDING_NIGHTFIRE</BuildingType>
			<FlavorType>FLAVOR_RELIGION</FlavorType>
			<Flavor>40</Flavor>
		</Row>
		<Row>
			<BuildingType>BUILDING_TOURNAMENT</BuildingType>
			<FlavorType>FLAVOR_EXPANSION</FlavorType>
			<Flavor>6</Flavor>
		</Row>
		<Row>
			<BuildingType>BUILDING_TOURNAMENT</BuildingType>
			<FlavorType>FLAVOR_GROWTH</FlavorType>
			<Flavor>6</Flavor>
		</Row>
		<Row>
			<BuildingType>BUILDING_TOURNAMENT</BuildingType>
			<FlavorType>FLAVOR_HAPPINESS</FlavorType>
			<Flavor>50</Flavor>
		</Row>
		<Row>
			<BuildingType>BUILDING_TYRELL_GARDEN</BuildingType>
			<FlavorType>FLAVOR_GREAT_PEOPLE</FlavorType>
			<Flavor>30</Flavor>
		</Row>
		<Row>
			<BuildingType>BUILDING_TYRELL_GARDEN</BuildingType>
			<FlavorType>FLAVOR_GROWTH</FlavorType>
			<Flavor>18</Flavor>
		</Row>
		<Row>
			<BuildingType>BUILDING_TYRELL_GARDEN</BuildingType>
			<FlavorType>FLAVOR_SCIENCE</FlavorType>
			<Flavor>5</Flavor>
		</Row>
		<Row>
			<BuildingType>BUILDING_TYRELL_GARDEN</BuildingType>
			<FlavorType>FLAVOR_PRODUCTION</FlavorType>
			<Flavor>5</Flavor>
		</Row>
		<Row>
			<BuildingType>BUILDING_TULLY_MILL</BuildingType>
			<FlavorType>FLAVOR_GROWTH</FlavorType>
			<Flavor>25</Flavor>
		</Row>
		<Row>
			<BuildingType>BUILDING_TULLY_MILL</BuildingType>
			<FlavorType>FLAVOR_SCIENCE</FlavorType>
			<Flavor>5</Flavor>
		</Row>
		<Row>
			<BuildingType>BUILDING_TULLY_MILL</BuildingType>
			<FlavorType>FLAVOR_PRODUCTION</FlavorType>
			<Flavor>20</Flavor>
		</Row>
		<Row>
			<BuildingType>BUILDING_EYRIE</BuildingType>
			<FlavorType>FLAVOR_CITY_DEFENSE</FlavorType>
			<Flavor>50</Flavor>
		</Row>
		<Row>
			<BuildingType>BUILDING_GREAT_PYRAMID</BuildingType>
			<FlavorType>FLAVOR_CITY_DEFENSE</FlavorType>
			<Flavor>25</Flavor>
		</Row>
		<Row>
			<BuildingType>BUILDING_HORSE_GATE</BuildingType>
			<FlavorType>FLAVOR_CITY_DEFENSE</FlavorType>
			<Flavor>20</Flavor>
		</Row>
		<Row>
			<BuildingType>BUILDING_HORSE_GATE</BuildingType>
			<FlavorType>FLAVOR_MILITARY_TRAINING</FlavorType>
			<Flavor>6</Flavor>
		</Row>
		<Row>
			<BuildingType>BUILDING_HORSE_GATE</BuildingType>
			<FlavorType>FLAVOR_MOBILE</FlavorType>
			<Flavor>6</Flavor>
		</Row>
		<Row>
			<BuildingType>BUILDING_HORSE_GATE</BuildingType>
			<FlavorType>FLAVOR_PRODUCTION</FlavorType>
			<Flavor>25</Flavor>
		</Row>
		<Row>
			<BuildingType>BUILDING_SPEAR_TOWER</BuildingType>
			<FlavorType>FLAVOR_GROWTH</FlavorType>
			<Flavor>25</Flavor>
		</Row>
		<Row>
			<BuildingType>BUILDING_SPEAR_TOWER</BuildingType>
			<FlavorType>FLAVOR_SCIENCE</FlavorType>
			<Flavor>5</Flavor>
		</Row>
		<Row>
			<BuildingType>BUILDING_SPEAR_TOWER</BuildingType>
			<FlavorType>FLAVOR_PRODUCTION</FlavorType>
			<Flavor>20</Flavor>
		</Row>
	</Building_Flavors>
	<Building_YieldChanges>
		<Row>
			<BuildingType>BUILDING_NORTH_WALL</BuildingType>
			<YieldType>YIELD_CULTURE</YieldType>
			<Yield>3</Yield>
		</Row>
		<Row>
			<BuildingType>BUILDING_LMARKET</BuildingType>
			<YieldType>YIELD_GOLD</YieldType>
			<Yield>2</Yield>
		</Row>
		<Row>
			<BuildingType>BUILDING_NIGHTFIRE</BuildingType>
			<YieldType>YIELD_FAITH</YieldType>
			<Yield>4</Yield>
		</Row>
		<Row>
			<BuildingType>BUILDING_TYRELL_GARDEN</BuildingType>
			<YieldType>YIELD_FOOD</YieldType>
			<Yield>2</Yield>
		</Row>
		<Row>
			<BuildingType>BUILDING_TULLY_MILL</BuildingType>
			<YieldType>YIELD_FOOD</YieldType>
			<Yield>2</Yield>
		</Row>
		<Row>
			<BuildingType>BUILDING_TULLY_MILL</BuildingType>
			<YieldType>YIELD_PRODUCTION</YieldType>
			<Yield>1</Yield>
		</Row>
		<Row>
			<BuildingType>BUILDING_EYRIE</BuildingType>
			<YieldType>YIELD_CULTURE</YieldType>
			<Yield>2</Yield>
		</Row>
		<Row>
			<BuildingType>BUILDING_SPEAR_TOWER</BuildingType>
			<YieldType>YIELD_CULTURE</YieldType>
			<Yield>2</Yield>
		</Row>
	</Building_YieldChanges>
	<Building_YieldModifiers>
		<Row>
			<BuildingType>BUILDING_LMARKET</BuildingType>
			<YieldType>YIELD_GOLD</YieldType>
			<Yield>25</Yield>
		</Row>
	</Building_YieldModifiers>
	<Building_DomainFreeExperiences>
		<Row>
			<BuildingType>BUILDING_GREAT_PYRAMID</BuildingType>
			<DomainType>DOMAIN_LAND</DomainType>
			<Experience>15</Experience>
		</Row>
		<Row>
			<BuildingType>BUILDING_GREAT_PYRAMID</BuildingType>
			<DomainType>DOMAIN_SEA</DomainType>
			<Experience>15</Experience>
		</Row>
		<Row>
			<BuildingType>BUILDING_GREAT_PYRAMID</BuildingType>
			<DomainType>DOMAIN_AIR</DomainType>
			<Experience>15</Experience>
		</Row>
		<Row>
			<BuildingType>BUILDING_TULLY_MILL</BuildingType>
			<DomainType>DOMAIN_LAND</DomainType>
			<Experience>15</Experience>
		</Row>
	</Building_DomainFreeExperiences>
	<Building_DomainProductionModifiers>
		<Row>
			<BuildingType>BUILDING_IHARBOR</BuildingType>
			<DomainType>DOMAIN_SEA</DomainType>
			<Modifier>15</Modifier>
		</Row>
		<Row>
			<BuildingType>BUILDING_TULLY_MILL</BuildingType>
			<DomainType>DOMAIN_LAND</DomainType>
			<Modifier>15</Modifier>
		</Row>
	</Building_DomainProductionModifiers>
	<Building_LocalResourceOrs>
		<Row>
			<BuildingType>BUILDING_TOURNAMENT</BuildingType>
			<ResourceType>RESOURCE_HORSE</ResourceType>
		</Row>
		<Row>
			<BuildingType>BUILDING_TOURNAMENT</BuildingType>
			<ResourceType>RESOURCE_IVORY</ResourceType>
		</Row>
		<Row>
			<BuildingType>BUILDING_HORSE_GATE</BuildingType>
			<ResourceType>RESOURCE_HORSE</ResourceType>
		</Row>
		<Row>
			<BuildingType>BUILDING_HORSE_GATE</BuildingType>
			<ResourceType>RESOURCE_SHEEP</ResourceType>
		</Row>
		<Row>
			<BuildingType>BUILDING_HORSE_GATE</BuildingType>
			<ResourceType>RESOURCE_COW</ResourceType>
		</Row>
	</Building_LocalResourceOrs>
	<Building_ResourceYieldChanges>
		<Row>
			<BuildingType>BUILDING_HORSE_GATE</BuildingType>
			<ResourceType>RESOURCE_SHEEP</ResourceType>
			<YieldType>YIELD_PRODUCTION</YieldType>
			<Yield>1</Yield>
		</Row>
		<Row>
			<BuildingType>BUILDING_HORSE_GATE</BuildingType>
			<ResourceType>RESOURCE_HORSE</ResourceType>
			<YieldType>YIELD_PRODUCTION</YieldType>
			<Yield>1</Yield>
		</Row>
		<Row>
			<BuildingType>BUILDING_HORSE_GATE</BuildingType>
			<ResourceType>RESOURCE_COW</ResourceType>
			<YieldType>YIELD_PRODUCTION</YieldType>
			<Yield>1</Yield>
		</Row>
	</Building_ResourceYieldChanges>
	<Building_UnitCombatProductionModifiers>
		<Row>
			<BuildingType>BUILDING_HORSE_GATE</BuildingType>
			<UnitCombatType>UNITCOMBAT_MOUNTED</UnitCombatType>
			<Modifier>15</Modifier>
		</Row>
	</Building_UnitCombatProductionModifiers>
	<Building_FeatureYieldChanges>
		<Row>
			<BuildingType>BUILDING_SPEAR_TOWER</BuildingType>
			<FeatureType>FEATURE_FLOOD_PLAINS</FeatureType>
			<YieldType>YIELD_FOOD</YieldType>
			<Yield>-1</Yield>
		</Row>
		<Row>
			<BuildingType>BUILDING_SPEAR_TOWER</BuildingType>
			<FeatureType>FEATURE_FLOOD_PLAINS</FeatureType>
			<YieldType>YIELD_CULTURE</YieldType>
			<Yield>-1</Yield>
		</Row>
	</Building_FeatureYieldChanges>
	<Building_TerrainYieldChanges>
		<Row>
			<BuildingType>BUILDING_SPEAR_TOWER</BuildingType>
			<TerrainType>TERRAIN_DESERT</TerrainType>
			<YieldType>YIELD_FOOD</YieldType>
			<Yield>1</Yield>
		</Row>
		<Row>
			<BuildingType>BUILDING_SPEAR_TOWER</BuildingType>
			<TerrainType>TERRAIN_DESERT</TerrainType>
			<YieldType>YIELD_CULTURE</YieldType>
			<Yield>1</Yield>
		</Row>
	</Building_TerrainYieldChanges>
</GameData>