<?xml version="1.0" encoding="utf-8"?>
<!-- edited with XMLSPY v2004 rel. 2 U (http://www.xmlspy.com) by Scott Lewis (Firaxis Games) -->
<Context>
    <!-- NEED TO HIDE-->


    <Box Anchor="C.C" Offset="0,0" Size="1024,768" Color="Black.0" Hidden="0">

        <AlphaAnim Anchor="c,c" Stopped="1" AlphaStart="1" Pause="1" AlphaEnd="0" Speed=".5" Cycle="Once" ID="AlphaAnim" >
            <!-- NEED TO HIDE-->
            <Box ID="BG0" Anchor="C,C" Size="Full,Full" Color="Black" />
            <Image ID="Image" Anchor="C,C" Offset="0,0" Size="1024,768" />
        </AlphaAnim>



        <SlideAnim Anchor="C,C" Size="1024,768" Start="226,0" End="0,0" Cycle="Once" Speed=".5" Stopped="1" Pause="1" ID="SlideAnim" Function="Root" >
            <Grid Anchor="C.T" Offset="0,36" Size="500,668" Style="GridBlackIndent8" ID="BlackGrid" >
                <Grid Anchor="R.T" Offset="0,0" Size="502,670" Style="Grid9Frame" ID="BlackGridFrame" />
                <Image Anchor="L,T" Size="80,80" Offset="24,16" Texture="assets\UI\Art\Notification\NotificationFrameBase.dds">
                    <Image Anchor="C,C" ID="IconShadow" Offset="0,-1" Size="80,80" Texture="assets\UI\Art\Notification\CivSymbolsColor640.dds"/>
                </Image>
                <Stack Anchor="C,T" Offset="0,36" Size="128,128" StackGrowth="Bottom" Padding="12" ID="MainStack" >
                    <Label Anchor="C,C" Offset="0,0" ID="Leader" ColorSet="Beige_Black_Alpha" Font="TwCenMT24" FontStyle="Shadow"/>
                    <Label Anchor="C,C" Offset="0,0" ID="Civilization" ColorSet="Beige_Black_Alpha" Font="TwCenMT20" FontStyle="Shadow"/>
                    <Image Anchor="C,C" Offset="0,0" Texture="bar340x2.dds" Size="340.1"/>
                    <Label Anchor="C,C" WrapWidth="460" ID="Quote" LeadingOffset="-4" Offset="0,0" ColorSet="Beige_Black_Alpha" Font="TwCenMT14" FontStyle="Shadow"/>
                    <Box Anchor="C.C" Offset="0,0" Size="400,6" Color="White.0"/>
                    <Image Anchor="C,C" Offset="0,0" Texture="bar340x2.dds" Size="340.1"/>
                    <Label Anchor="C,C" Offset="0,0" ID="BonusTitle" String="BONUS LABEL" ColorSet="Beige_Black_Alpha" Font="TwCenMT24" FontStyle="Shadow"/>
                    <Label Anchor="C,C" WrapWidth="460" ID="BonusDescription" LeadingOffset="-4" Offset="0,0" ColorSet="Beige_Black_Alpha" Font="TwCenMT16" FontStyle="Shadow"/>
                    <Image Anchor="C,C" Offset="0,0" Texture="bar340x2.dds" Size="340.1"/>
                    <Stack Anchor="C,C" Offset="0,0" StackGrowth="Right" Padding="0" ID="SubStack1" >
                        <Box Anchor="C,T" Offset="0,0" Size="150,85" Color="White.0" ID="BF1" >
                          <Stack Anchor="C,C" Offset="0,0" StackGrowth="Bottom" Padding="2" >
                            <Image Anchor="C,C" Offset="0,0" Texture="IconFrame64.dds" Size="64.64" >
                                <Image Anchor="C,C" Size="64,64" Texture="WonderAtlas512.dds" ID="B1"/>
				<Label Anchor="C,B" AnchorSide="O,I" Offset="0,-10" ID="BT1" WrapWidth="150" ColorSet="Beige_Black_Alpha" Font="TwCenMT16" FontStyle="Shadow" />
                            </Image>
                          </Stack>
                        </Box>
                        <Box Anchor="C,T" Offset="0,0" Size="150,85" Color="White.0" ID="BF2" >
                          <Stack Anchor="C,C" Offset="0,0" StackGrowth="Bottom" Padding="2" >
                            <Image Anchor="C,C" Offset="0,0" Texture="IconFrame64.dds" Size="64.64" >
                                <Image Anchor="C,C" Size="64,64" Texture="WonderAtlas512.dds" ID="B2"/>
				<Label Anchor="C,B" AnchorSide="O,I" Offset="0,-10" ID="BT2" WrapWidth="150" ColorSet="Beige_Black_Alpha" Font="TwCenMT16" FontStyle="Shadow" />
                            </Image>
                          </Stack>
                        </Box>
                        <Box Anchor="C,T" Offset="0,0" Size="150,85" Color="White.0" ID="BF3" >
                          <Stack Anchor="C,C" Offset="0,0" StackGrowth="Bottom" Padding="2" >
                            <Image Anchor="C,C" Offset="0,0" Texture="IconFrame64.dds" Size="64.64" >
                                <Image Anchor="C,C" Size="64,64" Texture="WonderAtlas512.dds" ID="B3"/>
				<Label Anchor="C,B" AnchorSide="O,I" Offset="0,-10" ID="BT3" WrapWidth="150" ColorSet="Beige_Black_Alpha" Font="TwCenMT16" FontStyle="Shadow" />
                            </Image>
                          </Stack>
                        </Box>
                    </Stack>
                    <Stack Anchor="C,C" Offset="0,0" StackGrowth="Right" Padding="0" ID="SubStack2" >
                        <Box Anchor="C,T" Offset="0,0" Size="150,85" Color="White.0" ID="BF4" >
                          <Stack Anchor="C,C" Offset="0,0" StackGrowth="Bottom" Padding="2" >
                            <Image Anchor="C,C" Offset="0,0" Texture="IconFrame64.dds" Size="64.64" >
                                <Image Anchor="C,C" Size="64,64" Texture="WonderAtlas512.dds" ID="B4"/>
				<Label Anchor="C,B" AnchorSide="O,I" Offset="0,-10" ID="BT4" WrapWidth="150" ColorSet="Beige_Black_Alpha" Font="TwCenMT16" FontStyle="Shadow" />
                            </Image>
                          </Stack>
                        </Box>
                        <Box Anchor="C,T" Offset="0,0" Size="150,85" Color="White.0" ID="BF5" >
                          <Stack Anchor="C,C" Offset="0,0" StackGrowth="Bottom" Padding="2" >
                            <Image Anchor="C,C" Offset="0,0" Texture="IconFrame64.dds" Size="64.64" >
                                <Image Anchor="C,C" Size="64,64" Texture="WonderAtlas512.dds" ID="B5"/>
				<Label Anchor="C,B" AnchorSide="O,I" Offset="0,-10" ID="BT5" WrapWidth="150" ColorSet="Beige_Black_Alpha" Font="TwCenMT16" FontStyle="Shadow" />
                            </Image>
                          </Stack>
                        </Box>
                        <Box Anchor="C,T" Offset="0,0" Size="150,85" Color="White.0" ID="BF6" >
                          <Stack Anchor="C,C" Offset="0,0" StackGrowth="Bottom" Padding="2" >
                            <Image Anchor="C,C" Offset="0,0" Texture="IconFrame64.dds" Size="64.64" >
                                <Image Anchor="C,C" Size="64,64" Texture="WonderAtlas512.dds" ID="B6"/>
				<Label Anchor="C,B" AnchorSide="O,I" Offset="0,-10" ID="BT6" WrapWidth="150" ColorSet="Beige_Black_Alpha" Font="TwCenMT16" FontStyle="Shadow" />
                            </Image>
                          </Stack>
                        </Box>
                    </Stack>
                </Stack>
            </Grid>
        </SlideAnim>
        <Image Anchor="C,B" Offset="0,0" Texture="Assets/DLC/Expansion/UI/Art/Civilopedia/LoadingMeterTrim.dds" Size="300,64">
            <AlphaAnim Anchor="C,C" Offset="0,0" Pause="0" Cycle="Bounce" Speed=".5" AlphaStart="1" AlphaEnd=".3">
                <TextureBar Anchor="C,C" Offset="0,0" Size="287.36" Texture="Assets/DLC/Expansion/UI/Art/Civilopedia/LoadingMeterHL.dds" Direction="Right" ID="ProgressBar" Hidden="0"/>
            </AlphaAnim>
            <Label Anchor="C,C" Offset="0,-1" String="TXT_KEY_GAME_LOADING" Color0="35,70,87,200" Color1="72,156,212,64" Color2="72,156,212,64" Font="TwCenMT20" FontStyle="SoftShadow"/>
        </Image>
        <GridButton ID="ActivateButton" Style="SmallButton2" Anchor="C,B" Offset="0,16" Size="300,32" Hidden="1">
            <Label ID="ActivateButtonText" Anchor="C,C" String="TXT_KEY_BEGIN_GAME_BUTTON" Offset="0,0" ColorSet="Beige_Black_Alpha" Font="TwCenMT18" FontStyle="Shadow"/>
        </GridButton>
    </Box>
</Context>
