<?xml version="1.0" encoding="utf-8"?>
<!-- Created by ModBuddy on 2/10/2013 5:37:10 PM -->
<GameData>
	<!--<Language_en_US>
		<Row Tag="TXT_KEY_LEADER_DROGO_FIRSTGREETING_1">
			<Text>I am Drogo!</Text>
		</Row>
		<Row Tag="TXT_KEY_LEADER_DROGO_DEFEATED_1">
			<Text>Drogo has never lost! You are a great warrior.</Text>
		</Row>
		<Row Tag="TXT_KEY_LEADER_DROGO_GREETING_POLITE_HELLO_1">
			<Text>Yes?</Text>
		</Row>
		<Row Tag="TXT_KEY_LEADER_DROGO_GREETING_NEUTRAL_HELLO_1">
			<Text>Hm?</Text>
		</Row>
		<Row Tag="TXT_KEY_LEADER_DROGO_GREETING_HOSTILE_HELLO_1">
			<Text>What you doing here?</Text>
		</Row>
		<Row Tag="TXT_KEY_LEADER_DROGO_SAME_POLICIES_FREEDOM_1">
			<Text>Freedom? Me too.</Text>
		</Row>
		<Row Tag="TXT_KEY_LEADER_DROGO_SAME_POLICIES_ORDER_1">
			<Text>Order? Me too.</Text>
		</Row>
		<Row Tag="TXT_KEY_LEADER_DROGO_SAME_POLICIES_AUTOCRACY_1">
			<Text>Auto..cra..? Hmph. Me too.</Text>
		</Row>
		<Row Tag="TXT_KEY_LEADER_DROGO_HOSTILE_AGGRESSIVE_MILITARY_WARNING_1">
			<Text>I see your khalasar. Come. Attack.</Text>
		</Row>
		<Row Tag="TXT_KEY_LEADER_DROGO_BULLIED_PROTECTED_CITY_STATE_1">
			<Text>You bully {@1_MinorCivName}? Think again.</Text>
		</Row>
		<Row Tag="TXT_KEY_LEADER_DROGO_EXPANSION_SERIOUS_WARNING_1">
			<Text>Your khalasar grows. Not for long.</Text>
		</Row>
		<Row Tag="TXT_KEY_LEADER_DROGO_HOSTILE_WE_BULLIED_YOUR_MINOR_1">
			<Text>We take from {@1_MinorCivName}. You are too weak to protect.</Text>
		</Row>
		<Row Tag="TXT_KEY_LEADER_DROGO_WE_BULLIED_YOUR_MINOR_1">
			<Text>We take from {@1_MinorCivName}. You know of them?</Text>
		</Row>
		<Row Tag="TXT_KEY_LEADER_DROGO_REQUEST_1">
			<Text>Give me this.</Text>
		</Row>
		<Row Tag="TXT_KEY_LEADER_DROGO_LUXURY_TRADE_1">
			<Text>We trade.</Text>
		</Row>
		<Row Tag="TXT_KEY_LEADER_DROGO_EMBASSY_EXCHANGE_1">
			<Text>Embassy... ok?</Text>
		</Row>
		<Row Tag="TXT_KEY_LEADER_DROGO_EMBASSY_OFFER_1">
			<Text>Embassy... ok?</Text>
		</Row>
		<Row Tag="TXT_KEY_LEADER_DROGO_OPEN_BORDERS_EXCHANGE_1">
			<Text>I cross. You cross. Yes?</Text>
		</Row>
		<Row Tag="TXT_KEY_LEADER_DROGO_RENEW_DEAL_1">
			<Text>Still yes?</Text>
		</Row>
		<Row Tag="TXT_KEY_LEADER_DROGO_WANT_MORE_RENEW_DEAL_1">
			<Text>More.</Text>
		</Row>
		<Row Tag="TXT_KEY_LEADER_DROGO_HOSTILE_WE_BULLIED_MINOR_BAD_1">
			<Text>Don't care.</Text>
		</Row>
		<Row Tag="TXT_KEY_LEADER_DROGO_HOSTILE_WE_BULLIED_MINOR_GOOD_1">
			<Text>Good.</Text>
		</Row>
		<Row Tag="TXT_KEY_LEADER_DROGO_WE_BULLIED_MINOR_BAD_1">
			<Text>Don't care.</Text>
		</Row>
		<Row Tag="TXT_KEY_LEADER_DROGO_WE_BULLIED_MINOR_GOOD_1">
			<Text>Good.</Text>
		</Row>
		<Row Tag="TXT_KEY_LEADER_DROGO_HUMAN_BULLIED_MINOR_BAD_1">
			<Text>*He looks angry*</Text>
		</Row>
		<Row Tag="TXT_KEY_LEADER_DROGO_HUMAN_BULLIED_MINOR_GOOD_1">
			<Text>Ok.</Text>
		</Row>
		<Row Tag="TXT_KEY_LEADER_DROGO_GREETING_WILL_ACCEPT_SURRENDER_1">
			<Text>Surrender.</Text>
		</Row>
		<Row Tag="TXT_KEY_LEADER_DROGO_CAUGHT_YOUR_SPY_HOSTILE_1">
			<Text>You steal from me!?</Text>
		</Row>
		<Row Tag="TXT_KEY_LEADER_DROGO_CAUGHT_YOUR_SPY_FRIENDLY_1">
			<Text>No steal.</Text>
		</Row>
		<Row Tag="TXT_KEY_LEADER_DROGO_HUMAN_CAUGHT_YOUR_SPY_GOOD_1">
			<Text>Good.</Text>
		</Row>
		<Row Tag="TXT_KEY_LEADER_DROGO_HUMAN_CAUGHT_YOUR_SPY_BAD_1">
			<Text>*He looks angry*</Text>
		</Row>
		<Row Tag="TXT_KEY_LEADER_DROGO_KILLED_YOUR_SPY_1">
			<Text>We kill spy.</Text>
		</Row>
		<Row Tag="TXT_KEY_LEADER_DROGO_KILLED_MY_SPY_1">
			<Text>He was weak.</Text>
		</Row>
		<Row Tag="TXT_KEY_LEADER_DROGO_CONFRONT_YOU_KILLED_MY_SPY_1">
			<Text>He was weak.</Text>
		</Row>
		<Row Tag="TXT_KEY_LEADER_DROGO_SUSPECT_YOU_OF_SPYING_1">
			<Text>You take?</Text>
		</Row>
		<Row Tag="TXT_KEY_LEADER_DROGO_STOP_SPYING_YES_1">
			<Text>Ok.</Text>
		</Row>
		<Row Tag="TXT_KEY_LEADER_DROGO_STOP_SPYING_NO_1">
			<Text>No.</Text>
		</Row>
		<Row Tag="TXT_KEY_LEADER_DROGO_WARNED_ABOUT_INTRIGUE_1">
			<Text>I remember this.</Text>
		</Row>
		<Row Tag="TXT_KEY_LEADER_DROGO_SHARE_INTRIGUE_DECEPTION_1">
			<Text>I hear {1_PlayerName} no like you.</Text>
		</Row>
		<Row Tag="TXT_KEY_LEADER_DROGO_SHARE_INTRIGUE_ARMY_SNEAK_ATTACK_KNOWN_CITY_1">
			<Text>I hear {1_PlayerName} marches on {2_CityName}.</Text>
		</Row>
		<Row Tag="TXT_KEY_LEADER_DROGO_SHARE_INTRIGUE_ARMY_SNEAK_ATTACK_UNKNOWN_CITY_1">
			<Text>I hear {1_PlayerName} marches on you.</Text>
		</Row>
		<Row Tag="TXT_KEY_LEADER_DROGO_SHARE_INTRIGUE_AMPHIBIOUS_SNEAK_ATTACK_KNOWN_CITY_1">
			<Text>I hear {1_PlayerName} marches on {2_CityName} across poison water.</Text>
		</Row>
		<Row Tag="TXT_KEY_LEADER_DROGO_SHARE_INTRIGUE_AMPHIBIOUS_SNEAK_ATTACK_UNKNOWN_CITY_1">
			<Text>I hear {1_PlayerName} marches on you across poison water.</Text>
		</Row>
		<Row Tag="TXT_KEY_LEADER_DROGO_HUMAN_KILLED_MY_SPY_UNFORGIVEN_1">
			<Text>Don't care.</Text>
		</Row>
		<Row Tag="TXT_KEY_LEADER_DROGO_HUMAN_KILLED_MY_SPY_FORGIVEN_1">
			<Text>Don't care.</Text>
		</Row>
		<Row Tag="TXT_KEY_LEADER_DROGO_STOP_CONVERSIONS_1">
			<Text>Keep your religion.</Text>
		</Row>
		<Row Tag="TXT_KEY_LEADER_DROGO_HUMAN_STOP_CONVERSIONS_GOOD_1">
			<Text>Good.</Text>
		</Row>
		<Row Tag="TXT_KEY_LEADER_DROGO_HUMAN_STOP_CONVERSIONS_BAD_1">
			<Text>*He looks angry*</Text>
		</Row>
		<Row Tag="TXT_KEY_LEADER_DROGO_TRADE_CANT_MATCH_OFFER_1">
			<Text>No.</Text>
		</Row>
		<Row Tag="TXT_KEY_LEADER_DROGO_HUMAN_STOP_CONVERSIONS_AGREE_1">
			<Text>Ok.</Text>
		</Row>
		<Row Tag="TXT_KEY_LEADER_DROGO_HUMAN_STOP_CONVERSIONS_DISAGREE_1">
			<Text>No. We do what we will.</Text>
		</Row>
		<Row Tag="TXT_KEY_LEADER_DROGO_REPEAT_TOO_MUCH_1">
			<Text>...</Text>
		</Row>
		<Row Tag="TXT_KEY_LEADER_DROGO_REPEAT_TRADE_1">
			<Text>Again. No.</Text>
		</Row>
		<Row Tag="TXT_KEY_LEADER_DROGO_GREETING_REPEAT_1">
			<Text>You?</Text>
		</Row>
		<Row Tag="TXT_KEY_LEADER_DROGO_GREETING_HOSTILE_REPEAT_1">
			<Text>Again? What?</Text>
		</Row>
		<Row Tag="TXT_KEY_LEADER_DROGO_GREETING_DESTRUCTION_LOOMS_1">
			<Text>You kill many. What?</Text>
		</Row>
		<Row Tag="TXT_KEY_LEADER_DROGO_GREETING_AT_WAR_WANTS_PEACE_1">
			<Text>Truce?</Text>
		</Row>
		<Row Tag="TXT_KEY_LEADER_DROGO_GREETING_AT_WAR_HOSTILE_1">
			<Text>Had enough, weakling?</Text>
		</Row>
		<Row Tag="TXT_KEY_LEADER_DROGO_GREETING_RESEARCH_AGREEMENT_1">
			<Text>How is Research Agreement?</Text>
		</Row>
		<Row Tag="TXT_KEY_LEADER_DROGO_GREETING_BROKEN_MILITARY_PROMISE_1">
			<Text>Yes, coward?</Text>
		</Row>
		<Row Tag="TXT_KEY_LEADER_DROGO_GREETING_WORKING_WITH_1">
			<Text>Blood of my blood. What is it?</Text>
		</Row>
		<Row Tag="TXT_KEY_LEADER_DROGO_GREETING_WORKING_AGAINST_1">
			<Text>I hate {1_ThirdPlayerName:textkey}. You hate {1_ThirdPlayerName:textkey}?</Text>
		</Row>
		<Row Tag="TXT_KEY_LEADER_DROGO_GREETING_COOP_WAR_1">
			<Text>We should kill {1_ThirdPlayerName:textkey} soon.</Text>
		</Row>
		<Row Tag="TXT_KEY_LEADER_DROGO_GREETING_HOSTILE_HUMAN_AT_WAR_1">
			<Text>I see your khas play. Pathetic</Text>
		</Row>
		<Row Tag="TXT_KEY_LEADER_DROGO_GREETING_HUMAN_AT_WAR_1">
			<Text>Your khas fight well.</Text>
		</Row>
		<Row Tag="TXT_KEY_LEADER_DROGO_GREETING_HOSTILE_AGGRESSIVE_MILITARY_1">
			<Text>Come. Fight me.</Text>
		</Row>
		<Row Tag="TXT_KEY_LEADER_DROGO_GREETING_AGGRESSIVE_MILITARY_1">
			<Text>I see your khas. What you want?</Text>
		</Row>
		<Row Tag="TXT_KEY_LEADER_DROGO_GREETING_HOSTILE_AGGRESSIVE_EXPANSION_1">
			<Text>Your weak khalasar grows. Want me to smash it?</Text>
		</Row>
		<Row Tag="TXT_KEY_LEADER_DROGO_GREETING_AGGRESSIVE_EXPANSION_1">
			<Text>Your khalasar grows.</Text>
		</Row>
		<Row Tag="TXT_KEY_LEADER_DROGO_GREETING_HOSTILE_AGGRESSIVE_PLOT_BUYING_1">
			<Text>You take what you want. I take from you what I want!</Text>
		</Row>
		<Row Tag="TXT_KEY_LEADER_DROGO_GREETING_AGGRESSIVE_PLOT_BUYING_1">
			<Text>You take what you want. Me too.</Text>
		</Row>
		<Row Tag="TXT_KEY_LEADER_DROGO_GREETING_FRIENDLY_STRONG_MILITARY_1">
			<Text>I hear of your strong khas.</Text>
		</Row>
		<Row Tag="TXT_KEY_LEADER_DROGO_GREETING_FRIENDLY_STRONG_ECONOMY_1">
			<Text>I hear of your riches.</Text>
		</Row>
		<Row Tag="TXT_KEY_LEADER_DROGO_GREETING_HOSTILE_HUMAN_FEW_CITIES_1">
			<Text>You are weak... Speak!</Text>
		</Row>
		<Row Tag="TXT_KEY_LEADER_DROGO_GREETING_HOSTILE_HUMAN_SMALL_ARMY_1">
			<Text>Your khas are weak. Speak!</Text>
		</Row>
		<Row Tag="TXT_KEY_LEADER_DROGO_GREETING_HOSTILE_HUMAN_IS_WARMONGER_1">
			<Text>You like to cut? Maybe I cut you.</Text>
		</Row>
		<Row Tag="TXT_KEY_LEADER_DROGO_GREETING_DENOUNCED_BY_AI_1">
			<Text>You?! What?!</Text>
		</Row>
		<Row Tag="TXT_KEY_LEADER_DROGO_GREETING_DENOUNCED_AI_1">
			<Text>You?! What?!</Text>
		</Row>
		<Row Tag="TXT_KEY_LEADER_DROGO_GREETING_OUR_DOF_WITH_ENEMY_OF_AI_1">
			<Text>You with {1_PlayerName}?! What?!</Text>
		</Row>
		<Row Tag="TXT_KEY_LEADER_DROGO_GREETING_OUR_DOF_WITH_FRIEND_OF_AI_1">
			<Text>You with {1_PlayerName}? What you like?</Text>
		</Row>
		<Row Tag="TXT_KEY_LEADER_DROGO_GREETING_DENOUNCED_FRIEND_OF_AI_1">
			<Text>You hate {1_PlayerName}. I hate you. What?</Text>
		</Row>
		<Row Tag="TXT_KEY_LEADER_DROGO_GREETING_DENOUNCED_ENEMY_OF_AI_1">
			<Text>You hate {1_PlayerName}? Me too. What you like?</Text>
		</Row>
		<Row Tag="TXT_KEY_LEADER_DROGO_TOO_SOON_FOR_DOF_1">
			<Text>You? I don't know you.</Text>
		</Row>
		<Row Tag="TXT_KEY_LEADER_DROGO_DOF_AI_DENOUNCE_REQUEST_1">
			<Text>You will denouce {1_CivName} with me. Yes?</Text>
		</Row>
		<Row Tag="TXT_KEY_LEADER_DROGO_DOF_AI_WAR_REQUEST_1">
			<Text>Defeat {1_CivName} with me. Yes?</Text>
		</Row>
		<Row Tag="TXT_KEY_LEADER_DROGO_DOF_NOT_HONORED_1">
			<Text>You have no honor. I tell others.[NEWLINE][NEWLINE]([COLOR_WARNING_TEXT]They have publicly denounced us! NOTE: You are not at war.[ENDCOLOR])</Text>
		</Row>
		<Row Tag="TXT_KEY_LEADER_DROGO_AI_DOF_BACKSTAB_1">
			<Text>Joining you was mistake.[NEWLINE][NEWLINE]([COLOR_WARNING_TEXT]They have publicly denounced us! NOTE: You are not at war.[ENDCOLOR])</Text>
		</Row>
		<Row Tag="TXT_KEY_LEADER_DROGO_RESPONSE_TO_BEING_DENOUNCED_1">
			<Text>I see. Don't care.</Text>
		</Row>
		<Row Tag="TXT_KEY_LEADER_DROGO_HUMAN_DOFED_FRIEND_1">
			<Text>You join {1_CivName}? Me too.</Text>
		</Row>
		<Row Tag="TXT_KEY_LEADER_DROGO_HUMAN_DOFED_ENEMY_1">
			<Text>You join {1_CivName}? I hate {1_CivName}.</Text>
		</Row>
		<Row Tag="TXT_KEY_LEADER_DROGO_HUMAN_DENOUNCED_FRIEND_1">
			<Text>You hate {1_CivName}? Maybe I hate you.</Text>
		</Row>
		<Row Tag="TXT_KEY_LEADER_DROGO_HUMAN_DENOUNCED_ENEMY_1">
			<Text>You hate {1_CivName}? Me too.</Text>
		</Row>
		<Row Tag="TXT_KEY_LEADER_DROGO_HUMAN_DOF_SO_AI_DOF_1">
			<Text>You join {1_CivName}, yes? Me too.</Text>
		</Row>
		<Row Tag="TXT_KEY_LEADER_DROGO_HUMAN_DENOUNCE_SO_AI_DENOUNCE_1">
			<Text>You hate {1_CivName}, yes? Me too.</Text>
		</Row>
		<Row Tag="TXT_KEY_LEADER_DROGO_HUMAN_DOF_SO_AI_DENOUNCE_1">
			<Text>You join {1_CivName}? Now I hate them as much as you.</Text>
		</Row>
		<Row Tag="TXT_KEY_LEADER_DROGO_HUMAN_DENOUNCE_SO_AI_DOF_1">
			<Text>You hate {1_CivName}, so I join them. Heh.</Text>
		</Row>
		<Row Tag="TXT_KEY_LEADER_DROGO_KILLED_PROTECTED_CITY_STATE_1">
			<Text>You have no honor to destroy {@1_MinorCivName}.</Text>
		</Row>
		<Row Tag="TXT_KEY_LEADER_DROGO_ATTACKED_PROTECTED_CITY_STATE_1">
			<Text>You have no honor to destroy {@1_MinorCivName}.</Text>
		</Row>
		<Row Tag="TXT_KEY_LEADER_DROGO_ATTACKED_PROTECTED_CITY_STATE_1">
			<Text>You attack {@1_MinorCivName}? You are weak.</Text>
		</Row>
		<Row Tag="TXT_KEY_LEADER_DROGO_EXPANSION_WARNING_1">
			<Text>Your weak khalasar grows. Want me to smash it?</Text>
		</Row>
		<Row Tag="TXT_KEY_LEADER_DROGO_EXPANSION_BROKEN_PROMISE_1">
			<Text>You said your khalasar would not grow. Maybe I smash it.</Text>
		</Row>
		<Row Tag="TXT_KEY_LEADER_DROGO_PLOT_BUYING_SERIOUS_WARNING_1">
			<Text>You cannot buy land. Maybe I take it.</Text>
		</Row>
		<Row Tag="TXT_KEY_LEADER_DROGO_PLOT_BUYING_WARNING_1">
			<Text>You buy land without fight? Maybe I should fight you and take land.</Text>
		</Row>
		<Row Tag="TXT_KEY_LEADER_DROGO_PLOT_BUYING_BROKEN_PROMISE_1">
			<Text>You are a liar. Maybe I should fight you and take land.</Text>
		</Row>
		<Row Tag="TXT_KEY_LEADER_DROGO_HOSTILE_WE_ATTACKED_YOUR_MINOR_1">
			<Text>I will take your pet city.</Text>
		</Row>
		<Row Tag="TXT_KEY_LEADER_DROGO_WE_ATTACKED_YOUR_MINOR_1">
			<Text>If you don't want me to take city, you should defend it better.</Text>
		</Row>
		<Row Tag="TXT_KEY_LEADER_DROGO_WORK_WITH_US_1">
			<Text>Join my khalasar.</Text>
		</Row>
		<Row Tag="TXT_KEY_LEADER_DROGO_END_WORK_WITH_US_WARMONGER_1">
			<Text>You fight like idiot. My khalasar is moving on wihout you.</Text>
		</Row>
		<Row Tag="TXT_KEY_LEADER_DROGO_END_WORK_WITH_US_MINORS_1">
			<Text>You have much greed. My khalasar is moving on wihout you.</Text>
		</Row>
		<Row Tag="TXT_KEY_LEADER_DROGO_END_WORK_WITH_US_LAND_1">
			<Text>You get too close. My khalasar is moving on wihout you.</Text>
		</Row>
		<Row Tag="TXT_KEY_LEADER_DROGO_END_WORK_WITH_US_WONDERS_1">
			<Text>You have much greed. My khalasar is moving on wihout you.</Text>
		</Row>
		<Row Tag="TXT_KEY_LEADER_DROGO_END_WORK_WITH_US_VICTORY_1">
			<Text>My khalasar must leave you now.</Text>
		</Row>
		<Row Tag="TXT_KEY_LEADER_DROGO_END_WORK_WITH_US_DEFAULT_1">
			<Text>My khalasar must leave you now.</Text>
		</Row>
		<Row Tag="TXT_KEY_LEADER_DROGO_WORK_AGAINST_SOMEONE_1">
			<Text>We make Pact of Secrecy against {1_PlayerName:textkey}, yes?[NEWLINE][NEWLINE](Will not cause you to declare war)</Text>
		</Row>
		<Row Tag="TXT_KEY_LEADER_DROGO_END_WORK_AGAINST_SOMEONE_DEFAULT_1">
			<Text>We stop Pact of Secrecy against {1_PlayerName:textkey} now.</Text>
		</Row>
		<Row Tag="TXT_KEY_LEADER_DROGO_COOP_WAR_REQUEST_1">
			<Text>Join my khas against {1_PlayerName:textkey}.</Text>
		</Row>
		<Row Tag="TXT_KEY_LEADER_DROGO_COOP_WAR_TIME_1">
			<Text>The time has come to kill {1_PlayerName:textkey}.</Text>
		</Row>
		<Row Tag="TXT_KEY_LEADER_DROGO_NOW_UNFORGIVABLE_1">
			<Text>Drogo will not forget your disgrace.</Text>
		</Row>
		<Row Tag="TXT_KEY_LEADER_DROGO_NOW_ENEMY_1">
			<Text>You are now my enemy.</Text>
		</Row>
		<Row Tag="TXT_KEY_LEADER_DROGO_COMPLIMENT_1">
			<Text>You are strong.</Text>
		</Row>
		<Row Tag="TXT_KEY_LEADER_DROGO_BOOT_KISSING_1">
			<Text>You are strong. Maybe stronger than my khalasar.</Text>
		</Row>
		<Row Tag="TXT_KEY_LEADER_DROGO_WARMONGER_1">
			<Text>Fight much?</Text>
		</Row>
		<Row Tag="TXT_KEY_LEADER_DROGO_MINOR_CIV_COMPETITION_1">
			<Text>{1_MinorCivName:textkey} is mine. You will leave.</Text>
		</Row>
		<Row Tag="TXT_KEY_LEADER_DROGO_PLEASED_1">
			<Text>Good.</Text>
		</Row>
		<Row Tag="TXT_KEY_LEADER_DROGO_THANKFUL_1">
			<Text>Drogo will remember this.</Text>
		</Row>
		<Row Tag="TXT_KEY_LEADER_DROGO_DISAPPOINTED_1">
			<Text>*He looks upset*</Text>
		</Row>
		<Row Tag="TXT_KEY_LEADER_DROGO_SO_BE_IT_1">
			<Text>So it is.</Text>
		</Row>
		<Row Tag="TXT_KEY_LEADER_DROGO_RETURNED_CIVILIAN_1">
			<Text>My people have returned. You are a friend to the khal.</Text>
		</Row>
		<Row Tag="TXT_KEY_LEADER_DROGO_CULTURE_BOMBED_1">
			<Text>You will pay for this.</Text>
		</Row>
		<Row Tag="TXT_KEY_LEADER_DROGO_INSULT_GENERIC_1">
			<Text>You are weak.</Text>
		</Row>
		<Row Tag="TXT_KEY_LEADER_DROGO_INSULT_MILITARY_1">
			<Text>Your khas are weak.</Text>
		</Row>
		<Row Tag="TXT_KEY_LEADER_DROGO_INSULT_NUKE_1">
			<Text>We have great power over you.</Text>
		</Row>
		<Row Tag="TXT_KEY_LEADER_DROGO_INSULT_BULLY_1">
			<Text>You harass others like a coward.</Text>
		</Row>
		<Row Tag="TXT_KEY_LEADER_DROGO_INSULT_UNHAPPINESS_1">
			<Text>Your khalasar is unhappy with their weak khal.</Text>
		</Row>
		<Row Tag="TXT_KEY_LEADER_DROGO_INSULT_CITIES_1">
			<Text>Your khalasar is weak.</Text>
		</Row>
		<Row Tag="TXT_KEY_LEADER_DROGO_INSULT_POPULATION_1">
			<Text>Your khalasar is weak.</Text>
		</Row>
		<Row Tag="TXT_KEY_LEADER_DROGO_INSULT_CULTURE_1">
			<Text>Your khalasar is weak.</Text>
		</Row>
		<Row Tag="TXT_KEY_LEADER_DROGO_REPEAT_NO_1">
			<Text>I said no!</Text>
		</Row>
		<Row Tag="TXT_KEY_LEADER_DROGO_DONT_SETTLE_YES_1">
			<Text>I will conquer other lands.</Text>
		</Row>
		<Row Tag="TXT_KEY_LEADER_DROGO_DONT_SETTLE_NO_1">
			<Text>I take what I want!</Text>
		</Row>
		<Row Tag="TXT_KEY_LEADER_DROGO_WORK_WITH_US_YES_1">
			<Text>We will conquer together!</Text>
		</Row>
		<Row Tag="TXT_KEY_LEADER_DROGO_WORK_WITH_US_NO_1">
			<Text>I don't like you.</Text>
		</Row>
		<Row Tag="TXT_KEY_LEADER_DROGO_WORK_AGAINST_SOMEONE_YES_1">
			<Text>Yes. We will crush them.</Text>
		</Row>
		<Row Tag="TXT_KEY_LEADER_DROGO_WORK_AGAINST_SOMEONE_NO_1">
			<Text>No.</Text>
		</Row>
		<Row Tag="TXT_KEY_LEADER_DROGO_COOP_WAR_YES_1">
			<Text>Yes. We will crush them.</Text>
		</Row>
		<Row Tag="TXT_KEY_LEADER_DROGO_COOP_WAR_NO_1">
			<Text>No.</Text>
		</Row>
		<Row Tag="TXT_KEY_LEADER_DROGO_COOP_WAR_SOON_1">
			<Text>Soon.</Text>
		</Row>
		<Row Tag="TXT_KEY_LEADER_DROGO_HUMAN_DEMAND_YES_1">
			<Text>Take.</Text>
		</Row>
		<Row Tag="TXT_KEY_LEADER_DROGO_HUMAN_DEMAND_REFUSE_WEAK_1">
			<Text>No. You are weak to ask.</Text>
		</Row>
		<Row Tag="TXT_KEY_LEADER_DROGO_HUMAN_DEMAND_REFUSE_HOSTILE_1">
			<Text>No! You want!? You take!</Text>
		</Row>
		<Row Tag="TXT_KEY_LEADER_DROGO_HUMAN_DEMAND_REFUSE_TOO_MUCH_1">
			<Text>No. You ask much.</Text>
		</Row>
		<Row Tag="TXT_KEY_LEADER_DROGO_HUMAN_DEMAND_REFUSE_TOO_SOON_1">
			<Text>No. You ask much.</Text>
		</Row>
		<Row Tag="TXT_KEY_LEADER_DROGO_LETS_HEAR_IT_1">
			<Text>Hm?</Text>
		</Row>
		<Row Tag="TXT_KEY_LEADER_DROGO_PEACE_OFFER_1">
			<Text>Truce?</Text>
		</Row>
		<Row Tag="TXT_KEY_LEADER_DROGO_OPEN_BORDERS_OFFER_1">
			<Text>I cross. Yes?</Text>
		</Row>
		<Row Tag="TXT_KEY_LEADER_DROGO_PLAN_RESEARCH_AGREEMENT_1">
			<Text>We make what you call Reseach Agreement soon. [NEWLINE][NEWLINE](Agreeing will not form a Research Agreement yet)</Text>
		</Row>
		<Row Tag="TXT_KEY_LEADER_DROGO_RESEARCH_AGREEMENT_OFFER_1">
			<Text>We make what you call Reseach Agreement.</Text>
		</Row>
		<Row Tag="TXT_KEY_LEADER_DROGO_TRADE_ACCEPT_GENEROUS_1">
			<Text>Yes. I like.</Text>
		</Row>
		<Row Tag="TXT_KEY_LEADER_DROGO_TRADE_ACCEPT_ACCEPTABLE_1">
			<Text>*He grunted. I guess that's a "yes"*</Text>
		</Row>
		<Row Tag="TXT_KEY_LEADER_DROGO_TRADE_ACCEPT_AI_DEMAND_1">
			<Text>Good.</Text>
		</Row>
		<Row Tag="TXT_KEY_LEADER_DROGO_TRADE_ACCEPT_HUMAN_CONCESSIONS_1">
			<Text>Good.</Text>
		</Row>
		<Row Tag="TXT_KEY_LEADER_DROGO_TRADE_REJECT_UNACCEPTABLE_1">
			<Text>No! You give more.</Text>
		</Row>
		<Row Tag="TXT_KEY_LEADER_DROGO_TRADE_REJECT_INSULTING_1">
			<Text>No! You give more or maybe I take more.</Text>
		</Row>
		<Row Tag="TXT_KEY_LEADER_DROGO_TRADE_DEAL_UNCHANGED_1">
			<Text>This is good.</Text>
		</Row>
		<Row Tag="TXT_KEY_LEADER_DROGO_TRADE_AI_MAKES_OFFER_1">
			<Text>This?</Text>
		</Row>
		<Row Tag="TXT_KEY_LEADER_DROGO_TRADE_NO_DEAL_POSSIBLE_1">
			<Text>No.</Text>
		</Row>
		<Row Tag="TXT_KEY_LEADER_DROGO_ATTACKED_HOSTILE_1">
			<Text>You will die!</Text>
		</Row>
		<Row Tag="TXT_KEY_LEADER_DROGO_ATTACKED_WEAK_HOSTILE_1">
			<Text>Come to prove your strength?</Text>
		</Row>
		<Row Tag="TXT_KEY_LEADER_DROGO_ATTACKED_STRONG_HOSTILE_1">
			<Text>You will die and your people will be my slaves!</Text>
		</Row>
		<Row Tag="TXT_KEY_LEADER_DROGO_ATTACKED_EXCITED_1">
			<Text>Come. Prove your strength.</Text>
		</Row>
		<Row Tag="TXT_KEY_LEADER_DROGO_ATTACKED_WEAK_EXCITED_1">
			<Text>Come, weakling. Prove your strength.</Text>
		</Row>
		<Row Tag="TXT_KEY_LEADER_DROGO_ATTACKED_STRONG_EXCITED_1">
			<Text>Finally! Come! Prove your strength!</Text>
		</Row>
		<Row Tag="TXT_KEY_LEADER_DROGO_ATTACKED_SAD_1">
			<Text>I did not expect this. We will both bleed.</Text>
		</Row>
		<Row Tag="TXT_KEY_LEADER_DROGO_ATTACKED_BETRAYED_1">
			<Text>Traitor!</Text>
		</Row>
		<Row Tag="TXT_KEY_LEADER_DROGO_DOW_GENERIC_1">
			<Text>Let us fight.</Text>
		</Row>
		<Row Tag="TXT_KEY_LEADER_DROGO_ATTACKED_MILITARY_PROMISE_BROKEN_1">
			<Text>You are traitor.*Spits*</Text>
		</Row>
		<Row Tag="TXT_KEY_LEADER_DROGO_DOW_LAND_1">
			<Text>I will kill you now and take your land.</Text>
		</Row>
		<Row Tag="TXT_KEY_LEADER_DROGO_DOW_WORLD_CONQUEST_1">
			<Text>I will kill you now for the khal that mounts the world!</Text>
		</Row>
		<Row Tag="TXT_KEY_LEADER_DROGO_DOW_OPPORTUNITY_1">
			<Text>You are weak. I kill you now.</Text>
		</Row>
		<Row Tag="TXT_KEY_LEADER_DROGO_DOW_DESPERATE_1">
			<Text>I will fight to the death.</Text>
		</Row>
		<Row Tag="TXT_KEY_LEADER_DROGO_DOW_BETRAYAL_1">
			<Text>You are weak to think you are blood of my blood. I kill you now.</Text>
		</Row>
		<Row Tag="TXT_KEY_LEADER_DROGO_DOW_WEAK_BETRAYAL_1">
			<Text>You think I am weak? I kill you now.</Text>
		</Row>
		<Row Tag="TXT_KEY_LEADER_DROGO_DOW_REGRET_1">
			<Text>I must kill you now blood of my blood.</Text>
		</Row>
		<Row Tag="TXT_KEY_LEADER_DROGO_WAR_DEMAND_REFUSED_1">
			<Text>Then we fight to the death.</Text>
		</Row>
		<Row Tag="TXT_KEY_LEADER_DROGO_PEACE_WHAT_WILL_HUMAN_OFFER_1">
			<Text>What you give me to stop killing you?</Text>
		</Row>
		<Row Tag="TXT_KEY_LEADER_DROGO_PEACE_MADE_BY_HUMAN_GRACIOUS_1">
			<Text>I like this.</Text>
		</Row>
		<Row Tag="TXT_KEY_LEADER_DROGO_NO_PEACE_1">
			<Text>No peace. We fight.</Text>
		</Row>
		<Row Tag="TXT_KEY_LEADER_DROGO_TOO_SOON_NO_PEACE_1">
			<Text>I have not begun to fight.</Text>
		</Row>
		<Row Tag="TXT_KEY_LEADER_DROGO_HOSTILE_AGGRESSIVE_MILITARY_WARNING_BAD_1">
			<Text>Good. Let's fight.</Text>
		</Row>
		<Row Tag="TXT_KEY_LEADER_DROGO_HOSTILE_AGGRESSIVE_MILITARY_WARNING_GOOD_1">
			<Text>Fine.</Text>
		</Row>
		<Row Tag="TXT_KEY_LEADER_DROGO_AGGRESSIVE_MILITARY_WARNING_BAD_1">
			<Text>Good. Let's fight.</Text>
		</Row>
		<Row Tag="TXT_KEY_LEADER_DROGO_AGGRESSIVE_MILITARY_WARNING_GOOD_1">
			<Text>Fine.</Text>
		</Row>
		<Row Tag="TXT_KEY_LEADER_DROGO_HOSTILE_WE_ATTACKED_MINOR_BAD_1">
			<Text>Hm.</Text>
		</Row>
		<Row Tag="TXT_KEY_LEADER_DROGO_HOSTILE_WE_ATTACKED_MINOR_GOOD_1">
			<Text>Hm.</Text>
		</Row>
		<Row Tag="TXT_KEY_LEADER_DROGO_WE_ATTACKED_MINOR_BAD_1">
			<Text>Hm.</Text>
		</Row>
		<Row Tag="TXT_KEY_LEADER_DROGO_WE_ATTACKED_MINOR_GOOD_1">
			<Text>Hm.</Text>
		</Row>
		<Row Tag="TXT_KEY_LEADER_DROGO_HUMAN_ATTACKED_MINOR_BAD_1">
			<Text>Hm.</Text>
		</Row>
		<Row Tag="TXT_KEY_LEADER_DROGO_HUMAN_ATTACKED_MINOR_GOOD_1">
			<Text>Hm.</Text>
		</Row>
		<Row Tag="TXT_KEY_LEADER_DROGO_HUMAN_KILLED_MINOR_BAD_1">
			<Text>Hm.</Text>
		</Row>
		<Row Tag="TXT_KEY_LEADER_DROGO_HUMAN_KILLED_MINOR_GOOD_1">
			<Text>Hm.</Text>
		</Row>
		<Row Tag="TXT_KEY_LEADER_DROGO_HUMAN_SERIOUS_EXPANSION_WARNING_BAD_1">
			<Text>Hm.</Text>
		</Row>
		<Row Tag="TXT_KEY_LEADER_DROGO_HUMAN_SERIOUS_EXPANSION_WARNING_GOOD_1">
			<Text>Good.</Text>
		</Row>
		<Row Tag="TXT_KEY_LEADER_DROGO_HUMAN_EXPANSION_WARNING_BAD_1">
			<Text>Hm.</Text>
		</Row>
		<Row Tag="TXT_KEY_LEADER_DROGO_HUMAN_EXPANSION_WARNING_GOOD_1">
			<Text>Good.</Text>
		</Row>
		<Row Tag="TXT_KEY_LEADER_DROGO_HUMAN_SERIOUS_PLOT_BUYING_WARNING_BAD_1">
			<Text>Hm.</Text>
		</Row>
		<Row Tag="TXT_KEY_LEADER_DROGO_HUMAN_SERIOUS_PLOT_BUYING_WARNING_GOOD_1">
			<Text>Good.</Text>
		</Row>
		<Row Tag="TXT_KEY_LEADER_DROGO_HUMAN_PLOT_BUYING_WARNING_BAD_1">
			<Text>Hm.</Text>
		</Row>
		<Row Tag="TXT_KEY_LEADER_DROGO_HUMAN_PLOT_BUYING_WARNING_GOOD_1">
			<Text>Good.</Text>
		</Row>
	</Language_en_US>-->
</GameData>