<?xml version="1.0" encoding="utf-8"?>
<!-- Created by ModBuddy on 6/4/2013 6:52:58 PM -->
<GameData>
	<Civilizations>
		<Update>
			<Where Type="CIVILIZATION_INDIA"/>
			<Set Description="TXT_KEY_CIV_FREEFOLK_DESC" ShortDescription="TXT_KEY_CIV_FREEFOLK_SHORT_DESC" Adjective="TXT_KEY_CIV_FREEFOLK_ADJECTIVE" Civilopedia="TXT_KEY_CIV_FREEFOLK_PEDIA" CivilopediaTag="TXT_KEY_CIV5_FREEFOLK" DefaultPlayerColor="PLAYERCOLOR_FREEFOLK" ArtDefineTag="ART_DEF_CIVILIZATION_ENGLAND" ArtStyleType="ARTSTYLE_EUROPEAN" ArtStyleSuffix="_EURO" ArtStylePrefix="EUROPEAN " PortraitIndex="5" IconAtlas="ACIV_COLOR_ATLAS_LEGENDS" AlphaIconAtlas="ACIV_ALPHA_ATLAS_LEGENDS" MapImage="MapBeyondTheWall.dds" DawnOfManQuote="TXT_KEY_CIV5_DAWN_FREEFOLK_TEXT" DawnOfManImage="DOM_Mance.dds" DawnOfManAudio="NULL" SoundtrackTag="Sweden"/>
		</Update>
		<!-- PortraitIndex="0" IconAtlas="CIV_COLOR_ATLAS_FREEFOLK" -->
	</Civilizations>
	<Civilization_CityNames>
		<Delete CivilizationType="CIVILIZATION_INDIA" CityName="TXT_KEY_CITY_NAME_DELHI"/>
		<Delete CivilizationType="CIVILIZATION_INDIA" CityName="TXT_KEY_CITY_NAME_MUMBAI"/>
		<Delete CivilizationType="CIVILIZATION_INDIA" CityName="TXT_KEY_CITY_NAME_VIJAYANAGARA"/>
		<Delete CivilizationType="CIVILIZATION_INDIA" CityName="TXT_KEY_CITY_NAME_PATALIPUTRA"/>
		<Delete CivilizationType="CIVILIZATION_INDIA" CityName="TXT_KEY_CITY_NAME_VARANASI"/>
		<Delete CivilizationType="CIVILIZATION_INDIA" CityName="TXT_KEY_CITY_NAME_AGRA"/>
		<Delete CivilizationType="CIVILIZATION_INDIA" CityName="TXT_KEY_CITY_NAME_CALCUTTA"/>
		<Delete CivilizationType="CIVILIZATION_INDIA" CityName="TXT_KEY_CITY_NAME_LAHORE"/>
		<Delete CivilizationType="CIVILIZATION_INDIA" CityName="TXT_KEY_CITY_NAME_BANGALORE"/>
		<Delete CivilizationType="CIVILIZATION_INDIA" CityName="TXT_KEY_CITY_NAME_HYDERABAD"/>
		<Delete CivilizationType="CIVILIZATION_INDIA" CityName="TXT_KEY_CITY_NAME_MADURAI"/>
		<Delete CivilizationType="CIVILIZATION_INDIA" CityName="TXT_KEY_CITY_NAME_AHMEDABAD"/>
		<Delete CivilizationType="CIVILIZATION_INDIA" CityName="TXT_KEY_CITY_NAME_KOLHAPUR"/>
		<Delete CivilizationType="CIVILIZATION_INDIA" CityName="TXT_KEY_CITY_NAME_PRAYAGA"/>
		<Delete CivilizationType="CIVILIZATION_INDIA" CityName="TXT_KEY_CITY_NAME_AYODHYA"/>
		<Delete CivilizationType="CIVILIZATION_INDIA" CityName="TXT_KEY_CITY_NAME_INDRAPRASTHA"/>
		<Delete CivilizationType="CIVILIZATION_INDIA" CityName="TXT_KEY_CITY_NAME_MATHURA"/>
		<Delete CivilizationType="CIVILIZATION_INDIA" CityName="TXT_KEY_CITY_NAME_UJJAIN"/>
		<Delete CivilizationType="CIVILIZATION_INDIA" CityName="TXT_KEY_CITY_NAME_GULBARGA"/>
		<Delete CivilizationType="CIVILIZATION_INDIA" CityName="TXT_KEY_CITY_NAME_JAUNPUR"/>
		<Delete CivilizationType="CIVILIZATION_INDIA" CityName="TXT_KEY_CITY_NAME_RAJAGRIHA"/>
		<Delete CivilizationType="CIVILIZATION_INDIA" CityName="TXT_KEY_CITY_NAME_SRAVASTI"/>
		<Delete CivilizationType="CIVILIZATION_INDIA" CityName="TXT_KEY_CITY_NAME_TIRUCHIRAPALLI"/>
		<Delete CivilizationType="CIVILIZATION_INDIA" CityName="TXT_KEY_CITY_NAME_THANJAVUR"/>
		<Delete CivilizationType="CIVILIZATION_INDIA" CityName="TXT_KEY_CITY_NAME_BODHGAYA"/>
		<Delete CivilizationType="CIVILIZATION_INDIA" CityName="TXT_KEY_CITY_NAME_KUSHINAGAR"/>
		<Delete CivilizationType="CIVILIZATION_INDIA" CityName="TXT_KEY_CITY_NAME_AMARAVATI"/>
		<Delete CivilizationType="CIVILIZATION_INDIA" CityName="TXT_KEY_CITY_NAME_GAUR"/>
		<Delete CivilizationType="CIVILIZATION_INDIA" CityName="TXT_KEY_CITY_NAME_GWALIOR"/>
		<Delete CivilizationType="CIVILIZATION_INDIA" CityName="TXT_KEY_CITY_NAME_JAIPUR"/>
		<Delete CivilizationType="CIVILIZATION_INDIA" CityName="TXT_KEY_CITY_NAME_KARACHI"/>
	
		<Row>
			<CivilizationType>CIVILIZATION_INDIA</CivilizationType>
			<CityName>TXT_KEY_CITY_NAME_BEYOND</CityName>
		</Row>
		<Row>
			<CivilizationType>CIVILIZATION_INDIA</CivilizationType>
			<CityName>TXT_KEY_CITY_NAME_BEYOND2</CityName>
		</Row>
		<Row>
			<CivilizationType>CIVILIZATION_INDIA</CivilizationType>
			<CityName>TXT_KEY_CITY_NAME_BEYOND3</CityName>
		</Row>
		<Row>
			<CivilizationType>CIVILIZATION_INDIA</CivilizationType>
			<CityName>TXT_KEY_CITY_NAME_BEYOND4</CityName>
		</Row>
		<Row>
			<CivilizationType>CIVILIZATION_INDIA</CivilizationType>
			<CityName>TXT_KEY_CITY_NAME_BEYOND5</CityName>
		</Row>
		<Row>
			<CivilizationType>CIVILIZATION_INDIA</CivilizationType>
			<CityName>TXT_KEY_CITY_NAME_BEYOND6</CityName>
		</Row>
		<Row>
			<CivilizationType>CIVILIZATION_INDIA</CivilizationType>
			<CityName>TXT_KEY_CITY_NAME_BEYOND7</CityName>
		</Row>
	</Civilization_CityNames>
	<Civilization_Leaders>
		<Update>
			<Where CivilizationType="CIVILIZATION_INDIA"/>
			<Set LeaderheadType="LEADER_MANCE"/>
		</Update>
	</Civilization_Leaders>
	<Civilization_Religions>
		<Update>
			<Where CivilizationType="CIVILIZATION_INDIA"/>
			<Set ReligionType="RELIGION_OLD_GODS"/>
		</Update>
	</Civilization_Religions>
	<Civilization_SpyNames>
		<Delete CivilizationType="CIVILIZATION_INDIA" SpyName="TXT_KEY_SPY_NAME_INDIA_0"/>
		<Delete CivilizationType="CIVILIZATION_INDIA" SpyName="TXT_KEY_SPY_NAME_INDIA_1"/>
		<Delete CivilizationType="CIVILIZATION_INDIA" SpyName="TXT_KEY_SPY_NAME_INDIA_2"/>
		<Delete CivilizationType="CIVILIZATION_INDIA" SpyName="TXT_KEY_SPY_NAME_INDIA_3"/>
		<Delete CivilizationType="CIVILIZATION_INDIA" SpyName="TXT_KEY_SPY_NAME_INDIA_4"/>
		<Delete CivilizationType="CIVILIZATION_INDIA" SpyName="TXT_KEY_SPY_NAME_INDIA_5"/>
		<Delete CivilizationType="CIVILIZATION_INDIA" SpyName="TXT_KEY_SPY_NAME_INDIA_6"/>
		<Delete CivilizationType="CIVILIZATION_INDIA" SpyName="TXT_KEY_SPY_NAME_INDIA_7"/>
		<Delete CivilizationType="CIVILIZATION_INDIA" SpyName="TXT_KEY_SPY_NAME_INDIA_8"/>
		<Delete CivilizationType="CIVILIZATION_INDIA" SpyName="TXT_KEY_SPY_NAME_INDIA_9"/>

		<Row>
			<CivilizationType>CIVILIZATION_INDIA</CivilizationType>
			<SpyName>TXT_KEY_SPY_NAME_UNIVERSAL_0</SpyName>
		</Row>
		<Row>
			<CivilizationType>CIVILIZATION_INDIA</CivilizationType>
			<SpyName>TXT_KEY_SPY_NAME_UNIVERSAL_1</SpyName>
		</Row>
		<Row>
			<CivilizationType>CIVILIZATION_INDIA</CivilizationType>
			<SpyName>TXT_KEY_SPY_NAME_UNIVERSAL_2</SpyName>
		</Row>
		<Row>
			<CivilizationType>CIVILIZATION_INDIA</CivilizationType>
			<SpyName>TXT_KEY_SPY_NAME_UNIVERSAL_3</SpyName>
		</Row>
		<Row>
			<CivilizationType>CIVILIZATION_INDIA</CivilizationType>
			<SpyName>TXT_KEY_SPY_NAME_UNIVERSAL_4</SpyName>
		</Row>
		<Row>
			<CivilizationType>CIVILIZATION_INDIA</CivilizationType>
			<SpyName>TXT_KEY_SPY_NAME_UNIVERSAL_5</SpyName>
		</Row>
		<Row>
			<CivilizationType>CIVILIZATION_INDIA</CivilizationType>
			<SpyName>TXT_KEY_SPY_NAME_UNIVERSAL_6</SpyName>
		</Row>
		<Row>
			<CivilizationType>CIVILIZATION_INDIA</CivilizationType>
			<SpyName>TXT_KEY_SPY_NAME_UNIVERSAL_7</SpyName>
		</Row>
	</Civilization_SpyNames>
	<Civilization_Start_Region_Priority>
		<Update>
			<Where CivilizationType="CIVILIZATION_INDIA"/>
			<Set RegionType="REGION_TUNDRA"/>
		</Update>
	</Civilization_Start_Region_Priority>
	<Civilization_UnitClassOverrides>
		<Delete CivilizationType="CIVILIZATION_INDIA" UnitType="UNIT_INDIAN_WARELEPHANT"/>
		<Row>
			<CivilizationType>CIVILIZATION_INDIA</CivilizationType>
			<UnitClassType>UNITCLASS_LONGSWORDSMAN</UnitClassType>
			<UnitType>UNIT_GIANT</UnitType>
		</Row>
		<Row>
			<CivilizationType>CIVILIZATION_INDIA</CivilizationType>
			<UnitClassType>UNITCLASS_TREBUCHET</UnitClassType>
			<UnitType>UNIT_BATTERING_RAM</UnitType>
		</Row>
		<Row>
			<CivilizationType>CIVILIZATION_INDIA</CivilizationType>
			<UnitClassType>UNITCLASS_HORSEMAN</UnitClassType>
			<UnitType>UNIT_WARMAMMOTH</UnitType>
		</Row>
	</Civilization_UnitClassOverrides>
	<Civilization_BuildingClassOverrides>
		<Delete CivilizationType="CIVILIZATION_INDIA" BuildingType="BUILDING_MUGHAL_FORT"/>
	</Civilization_BuildingClassOverrides>
</GameData>