<?xml version="1.0" encoding="utf-8"?>
<!-- Created by ModBuddy on 4/18/2013 6:38:38 PM -->
<GameData>
	<Civilizations>
		<Update>
			<Where Type="CIVILIZATION_RUSSIA"/>
			<Set Description="TXT_KEY_CIV_TULLY_DESC" ShortDescription="TXT_KEY_CIV_TULLY_SHORT_DESC" Adjective="TXT_KEY_CIV_TULLY_ADJECTIVE" Civilopedia="TXT_KEY_CIV_TULLY_PEDIA" CivilopediaTag="TXT_KEY_CIV5_TULLY" DefaultPlayerColor="PLAYERCOLOR_TULLY" ArtDefineTag="ART_DEF_CIVILIZATION_ENGLAND" ArtStyleType="ARTSTYLE_EUROPEAN" ArtStyleSuffix="_EURO" ArtStylePrefix="EUROPEAN " PortraitIndex="10" IconAtlas="ACIV_COLOR_ATLAS_LEGENDS" AlphaIconAtlas="ACIV_ALPHA_ATLAS_LEGENDS" MapImage="MapRiverrun.dds" DawnOfManQuote="TXT_KEY_CIV5_DAWN_TULLY_TEXT" DawnOfManImage="DOM_Edmure1.dds" DawnOfManAudio="NULL" SoundtrackTag="Sweden"/>
		</Update>
		<!-- PortraitIndex="0" IconAtlas="CIV_COLOR_ATLAS_TULLY" -->
	</Civilizations>
	<Civilization_CityNames>
		<Delete CivilizationType="CIVILIZATION_RUSSIA" CityName="TXT_KEY_CITY_NAME_MOSCOW"/>
		<Delete CivilizationType="CIVILIZATION_RUSSIA" CityName="TXT_KEY_CITY_NAME_STPETERSBURG"/>
		<Delete CivilizationType="CIVILIZATION_RUSSIA" CityName="TXT_KEY_CITY_NAME_NOVGOROD"/>
		<Delete CivilizationType="CIVILIZATION_RUSSIA" CityName="TXT_KEY_CITY_NAME_ROSTOV"/>
		<Delete CivilizationType="CIVILIZATION_RUSSIA" CityName="TXT_KEY_CITY_NAME_YAROSLAVI"/>
		<Delete CivilizationType="CIVILIZATION_RUSSIA" CityName="TXT_KEY_CITY_NAME_YEKATERINBURG"/>
		<Delete CivilizationType="CIVILIZATION_RUSSIA" CityName="TXT_KEY_CITY_NAME_YAKUTSK"/>
		<Delete CivilizationType="CIVILIZATION_RUSSIA" CityName="TXT_KEY_CITY_NAME_VLADIVOSTOK"/>
		<Delete CivilizationType="CIVILIZATION_RUSSIA" CityName="TXT_KEY_CITY_NAME_SMOLENSK"/>
		<Delete CivilizationType="CIVILIZATION_RUSSIA" CityName="TXT_KEY_CITY_NAME_ORENBURG"/>
		<Delete CivilizationType="CIVILIZATION_RUSSIA" CityName="TXT_KEY_CITY_NAME_KRASNOYARSK"/>
		<Delete CivilizationType="CIVILIZATION_RUSSIA" CityName="TXT_KEY_CITY_NAME_KHABAROVSK"/>
		<Delete CivilizationType="CIVILIZATION_RUSSIA" CityName="TXT_KEY_CITY_NAME_BRYANSK"/>
		<Delete CivilizationType="CIVILIZATION_RUSSIA" CityName="TXT_KEY_CITY_NAME_TVER"/>
		<Delete CivilizationType="CIVILIZATION_RUSSIA" CityName="TXT_KEY_CITY_NAME_NOVOSIBIRSK"/>
		<Delete CivilizationType="CIVILIZATION_RUSSIA" CityName="TXT_KEY_CITY_NAME_MAGADAN"/>
		<Delete CivilizationType="CIVILIZATION_RUSSIA" CityName="TXT_KEY_CITY_NAME_MURMANSK"/>
		<Delete CivilizationType="CIVILIZATION_RUSSIA" CityName="TXT_KEY_CITY_NAME_IRKUSTK"/>
		<Delete CivilizationType="CIVILIZATION_RUSSIA" CityName="TXT_KEY_CITY_NAME_CHITA"/>
		<Delete CivilizationType="CIVILIZATION_RUSSIA" CityName="TXT_KEY_CITY_NAME_SAMARA"/>
		<Delete CivilizationType="CIVILIZATION_RUSSIA" CityName="TXT_KEY_CITY_NAME_ARKHANGELSK"/>
		<Delete CivilizationType="CIVILIZATION_RUSSIA" CityName="TXT_KEY_CITY_NAME_CHELYABINSK"/>
		<Delete CivilizationType="CIVILIZATION_RUSSIA" CityName="TXT_KEY_CITY_NAME_TOBOLSK"/>
		<Delete CivilizationType="CIVILIZATION_RUSSIA" CityName="TXT_KEY_CITY_NAME_VOLOGDA"/>
		<Delete CivilizationType="CIVILIZATION_RUSSIA" CityName="TXT_KEY_CITY_NAME_OMSK"/>
		<Delete CivilizationType="CIVILIZATION_RUSSIA" CityName="TXT_KEY_CITY_NAME_ASTRAKHAN"/>
		<Delete CivilizationType="CIVILIZATION_RUSSIA" CityName="TXT_KEY_CITY_NAME_KURSK"/>
		<Delete CivilizationType="CIVILIZATION_RUSSIA" CityName="TXT_KEY_CITY_NAME_SARATOV"/>
		<Delete CivilizationType="CIVILIZATION_RUSSIA" CityName="TXT_KEY_CITY_NAME_TULA"/>
		<Delete CivilizationType="CIVILIZATION_RUSSIA" CityName="TXT_KEY_CITY_NAME_VLADIMIR"/>
		<Delete CivilizationType="CIVILIZATION_RUSSIA" CityName="TXT_KEY_CITY_NAME_PERM"/>
		<Delete CivilizationType="CIVILIZATION_RUSSIA" CityName="TXT_KEY_CITY_NAME_VORONEZH"/>
		<Delete CivilizationType="CIVILIZATION_RUSSIA" CityName="TXT_KEY_CITY_NAME_PSKOV"/>
		<Delete CivilizationType="CIVILIZATION_RUSSIA" CityName="TXT_KEY_CITY_NAME_STARAYARUSSA"/>
		<Delete CivilizationType="CIVILIZATION_RUSSIA" CityName="TXT_KEY_CITY_NAME_KOSTROMA"/>
		<Delete CivilizationType="CIVILIZATION_RUSSIA" CityName="TXT_KEY_CITY_NAME_NIZHNIYNOVGOROD"/>
		<Delete CivilizationType="CIVILIZATION_RUSSIA" CityName="TXT_KEY_CITY_NAME_SUZDAL"/>
		<Delete CivilizationType="CIVILIZATION_RUSSIA" CityName="TXT_KEY_CITY_NAME_MAGNITOGORSK"/>
		<Row>
			<CivilizationType>CIVILIZATION_RUSSIA</CivilizationType>
			<CityName>TXT_KEY_CITY_NAME_RIVERRUN</CityName>
		</Row>
		<Row>
			<CivilizationType>CIVILIZATION_RUSSIA</CivilizationType>
			<CityName>TXT_KEY_CITY_NAME_RIVERRUN3</CityName>
		</Row>
		<Row>
			<CivilizationType>CIVILIZATION_RUSSIA</CivilizationType>
			<CityName>TXT_KEY_CITY_NAME_RIVERRUN4</CityName>
		</Row>
		<Row>
			<CivilizationType>CIVILIZATION_RUSSIA</CivilizationType>
			<CityName>TXT_KEY_CITY_NAME_RIVERRUN5</CityName>
		</Row>
		<Row>
			<CivilizationType>CIVILIZATION_RUSSIA</CivilizationType>
			<CityName>TXT_KEY_CITY_NAME_RIVERRUN7</CityName>
		</Row>
		<Row>
			<CivilizationType>CIVILIZATION_RUSSIA</CivilizationType>
			<CityName>TXT_KEY_CITY_NAME_RIVERRUN8</CityName>
		</Row>
		<Row>
			<CivilizationType>CIVILIZATION_RUSSIA</CivilizationType>
			<CityName>TXT_KEY_CITY_NAME_RIVERRUN9</CityName>
		</Row>
		<Row>
			<CivilizationType>CIVILIZATION_RUSSIA</CivilizationType>
			<CityName>TXT_KEY_CITY_NAME_RIVERRUN10</CityName>
		</Row>
		<Row>
			<CivilizationType>CIVILIZATION_RUSSIA</CivilizationType>
			<CityName>TXT_KEY_CITY_NAME_RIVERRUN11</CityName>
		</Row>
	</Civilization_CityNames>

	<Civilization_Leaders>
		<Update>
			<Where CivilizationType="CIVILIZATION_RUSSIA"/>
			<Set LeaderheadType="LEADER_EDMURE"/>
		</Update>
	</Civilization_Leaders>
	<Civilization_Religions>
		<Update>
			<Where CivilizationType="CIVILIZATION_RUSSIA"/>
			<Set ReligionType="RELIGION_SEVEN"/>
		</Update>
	</Civilization_Religions>

	<Civilization_SpyNames>
		<Delete CivilizationType="CIVILIZATION_RUSSIA" SpyName="TXT_KEY_SPY_NAME_RUSSIA_0"/>
		<Delete CivilizationType="CIVILIZATION_RUSSIA" SpyName="TXT_KEY_SPY_NAME_RUSSIA_1"/>
		<Delete CivilizationType="CIVILIZATION_RUSSIA" SpyName="TXT_KEY_SPY_NAME_RUSSIA_2"/>
		<Delete CivilizationType="CIVILIZATION_RUSSIA" SpyName="TXT_KEY_SPY_NAME_RUSSIA_3"/>
		<Delete CivilizationType="CIVILIZATION_RUSSIA" SpyName="TXT_KEY_SPY_NAME_RUSSIA_4"/>
		<Delete CivilizationType="CIVILIZATION_RUSSIA" SpyName="TXT_KEY_SPY_NAME_RUSSIA_5"/>
		<Delete CivilizationType="CIVILIZATION_RUSSIA" SpyName="TXT_KEY_SPY_NAME_RUSSIA_6"/>
		<Delete CivilizationType="CIVILIZATION_RUSSIA" SpyName="TXT_KEY_SPY_NAME_RUSSIA_7"/>
		<Delete CivilizationType="CIVILIZATION_RUSSIA" SpyName="TXT_KEY_SPY_NAME_RUSSIA_8"/>
		<Delete CivilizationType="CIVILIZATION_RUSSIA" SpyName="TXT_KEY_SPY_NAME_RUSSIA_9"/>

		<Row>
			<CivilizationType>CIVILIZATION_RUSSIA</CivilizationType>
			<SpyName>TXT_KEY_SPY_NAME_UNIVERSAL_0</SpyName>
		</Row>
		<Row>
			<CivilizationType>CIVILIZATION_RUSSIA</CivilizationType>
			<SpyName>TXT_KEY_SPY_NAME_UNIVERSAL_1</SpyName>
		</Row>
		<Row>
			<CivilizationType>CIVILIZATION_RUSSIA</CivilizationType>
			<SpyName>TXT_KEY_SPY_NAME_UNIVERSAL_2</SpyName>
		</Row>
		<Row>
			<CivilizationType>CIVILIZATION_RUSSIA</CivilizationType>
			<SpyName>TXT_KEY_SPY_NAME_UNIVERSAL_3</SpyName>
		</Row>
		<Row>
			<CivilizationType>CIVILIZATION_RUSSIA</CivilizationType>
			<SpyName>TXT_KEY_SPY_NAME_UNIVERSAL_4</SpyName>
		</Row>
		<Row>
			<CivilizationType>CIVILIZATION_RUSSIA</CivilizationType>
			<SpyName>TXT_KEY_SPY_NAME_UNIVERSAL_5</SpyName>
		</Row>
		<Row>
			<CivilizationType>CIVILIZATION_RUSSIA</CivilizationType>
			<SpyName>TXT_KEY_SPY_NAME_UNIVERSAL_6</SpyName>
		</Row>
		<Row>
			<CivilizationType>CIVILIZATION_RUSSIA</CivilizationType>
			<SpyName>TXT_KEY_SPY_NAME_UNIVERSAL_7</SpyName>
		</Row>
	</Civilization_SpyNames>

	<Civilization_Start_Along_River>
		<Row>
			<CivilizationType>CIVILIZATION_RUSSIA</CivilizationType>
			<StartAlongRiver>true</StartAlongRiver>
		</Row>
	</Civilization_Start_Along_River>
	<Civilization_Start_Region_Priority>
		<Delete CivilizationType="CIVILIZATION_RUSSIA" RegionType="REGION_TUNDRA"/>
	</Civilization_Start_Region_Priority>
	<Civilization_UnitClassOverrides>
		<Delete CivilizationType="CIVILIZATION_RUSSIA" UnitType="UNIT_RUSSIAN_COSSACK"/>
		<Row>
			<CivilizationType>CIVILIZATION_RUSSIA</CivilizationType>
			<UnitClassType>UNITCLASS_SWORDSMAN</UnitClassType>
			<UnitType>UNIT_RIVERMEN</UnitType>
		</Row>
	</Civilization_UnitClassOverrides>
	<Civilization_BuildingClassOverrides>
		<Delete CivilizationType="CIVILIZATION_RUSSIA" BuildingType="BUILDING_KREPOST"/>
		<Row>
			<CivilizationType>CIVILIZATION_RUSSIA</CivilizationType>
			<BuildingClassType>BUILDINGCLASS_WATERMILL</BuildingClassType>
			<BuildingType>BUILDING_TULLY_MILL</BuildingType>
		</Row>
	</Civilization_BuildingClassOverrides>
</GameData>