<?xml version="1.0" encoding="utf-8"?>
<!-- Created by ModBuddy on 10/21/2012 1:03:37 PM -->
<GameData>
	<Civilizations>
		<Delete type="CIVILIZATION_IROQUOIS"/>
		<Delete type="CIVILIZATION_JAPAN"/>
		<Delete type="CIVILIZATION_OTTOMAN"/>
		<Delete type="CIVILIZATION_PERSIA"/>
		<Delete type="CIVILIZATION_ROME"/>
		<Delete type="CIVILIZATION_SIAM"/>
		<Delete type="CIVILIZATION_SONGHAI"/>
		<Delete type="CIVILIZATION_AUSTRIA"/>
		<Delete type="CIVILIZATION_BYZANTIUM"/>
		<Delete type="CIVILIZATION_CELTS"/>
		<Delete type="CIVILIZATION_ETHIOPIA"/>
		<Delete type="CIVILIZATION_HUNS"/>
		<Delete type="CIVILIZATION_MAYA"/>
		<Delete type="CIVILIZATION_NETHERLANDS"/>
		<Delete type="CIVILIZATION_SWEDEN"/>
		<Delete type="CIVILIZATION_SPAIN"/>
		<Delete type="CIVILIZATION_MONGOL"/>
		<Delete type="CIVILIZATION_INCA"/>
		<Delete type="CIVILIZATION_POLYNESIA"/>
		<Delete type="CIVILIZATION_DENMARK"/>
		<Delete type="CIVILIZATION_KOREA"/>
		<Delete type="CIVILIZATION_BABYLON"/>
	</Civilizations>
	<MinorCivilizations>
		<Delete type="MINOR_CIV_WARSAW"/>
		<Delete type="MINOR_CIV_BUDAPEST"/>
		<Delete type="MINOR_CIV_GENEVA"/>
		<Delete type="MINOR_CIV_VENICE"/>
		<Delete type="MINOR_CIV_GENOA"/>
		<Delete type="MINOR_CIV_FLORENCE"/>
		<Delete type="MINOR_CIV_RAGUSA"/>
		<Delete type="MINOR_CIV_SYDNEY"/>
		<Delete type="MINOR_CIV_QUEBEC_CITY"/>
		<Delete type="MINOR_CIV_BUCHAREST"/>
		<Delete type="MINOR_CIV_BELGRADE"/>
		<Delete type="MINOR_CIV_BRUSSELS"/>
		<Delete type="MINOR_CIV_MONACO"/>
		<Delete type="MINOR_CIV_KATHMANDU"/>
		<Delete type="MINOR_CIV_HANOI"/>
		<Delete type="MINOR_CIV_LHASA"/>
		<Delete type="MINOR_CIV_ALMATY"/>
		<Delete type="MINOR_CIV_KUALA_LUMPUR"/>
		<Delete type="MINOR_CIV_SINGAPORE"/>
		<Delete type="MINOR_CIV_RIO_DE_JANEIRO"/>
		<Delete type="MINOR_CAPE_TOWN"/>
		<Delete type="MINOR_SIDON"/>
		<Delete type="MINOR_TYRE"/>
		<Delete type="MINOR_CIV_ANTWERP"/>
		<Delete type="MINOR_CIV_CAHOKIA"/>
		<Delete type="MINOR_CIV_COLOMBO"/>
		<Delete type="MINOR_CIV_HONG_KONG"/>
		<Delete type="MINOR_CIV_JAKARTA"/>
		<Delete type="MINOR_CIV_JERUSALEM"/>
		<Delete type="MINOR_CIV_LA_VENTA"/>
		<Delete type="MINOR_CIV_LISBON"/>
		<Delete type="MINOR_CIV_MANILA"/>
		<Delete type="MINOR_CIV_MARRAKECH"/>
		<Delete type="MINOR_CIV_MILAN"/>
		<Delete type="MINOR_CIV_MOMBASA"/>
		<Delete type="MINOR_CIV_PRAGUE"/>
		<Delete type="MINOR_CIV_VALLETTA"/>
		<Delete type="MINOR_CIV_VATICAN_CITY"/>
		<Delete type="MINOR_CIV_WITTENBERG"/>
		<Delete type="MINOR_CIV_YEREVAN"/>
		<Delete type="MINOR_CIV_ZANZIBAR"/>
		<Delete type="MINOR_CIV_ZURICH"/>
	</MinorCivilizations>
</GameData>