<?xml version="1.0" encoding="utf-8"?>
<!-- Created by ModBuddy on 6/2/2013 5:26:50 PM -->
<GameData>
	<MinorCivilizations>
		<Row>
			<Type>MINOR_CIV_PENTOS</Type>
			<Description>TXT_KEY_CITYSTATE_PENTOS</Description>
			<ShortDescription>TXT_KEY_CITYSTATE_PENTOS</ShortDescription>
			<Adjective>TXT_KEY_CITYSTATE_PENTOS_ADJ</Adjective>
			<Civilopedia>TXT_KEY_CIV5_PENTOS_TEXT</Civilopedia>
			<DefaultPlayerColor>PLAYERCOLOR_MINOR_WHITE</DefaultPlayerColor>
			<ArtDefineTag>ART_DEF_CIVILIZATION_MINOR</ArtDefineTag>
			<ArtStyleType>ARTSTYLE_MIDDLE_EAST</ArtStyleType>
			<ArtStyleSuffix>_AFRI</ArtStyleSuffix>
			<ArtStylePrefix>AFRICAN </ArtStylePrefix>
			<MinorCivTrait>MINOR_TRAIT_MERCANTILE</MinorCivTrait>
		</Row>
		<Row>
			<Type>MINOR_CIV_BRAAVOS</Type>
			<Description>TXT_KEY_CITYSTATE_BRAAVOS</Description>
			<ShortDescription>TXT_KEY_CITYSTATE_BRAAVOS</ShortDescription>
			<Adjective>TXT_KEY_CITYSTATE_BRAAVOS_ADJ</Adjective>
			<Civilopedia>TXT_KEY_CIV5_BRAAVOS_TEXT</Civilopedia>
			<DefaultPlayerColor>PLAYERCOLOR_MINOR_PEACH</DefaultPlayerColor>
			<ArtDefineTag>ART_DEF_CIVILIZATION_MINOR</ArtDefineTag>
			<ArtStyleType>ARTSTYLE_MIDDLE_EAST</ArtStyleType>
			<ArtStyleSuffix>_AFRI</ArtStyleSuffix>
			<ArtStylePrefix>AFRICAN </ArtStylePrefix>
			<MinorCivTrait>MINOR_TRAIT_MILITARISTIC</MinorCivTrait>
		</Row>
		<Row>
			<Type>MINOR_CIV_LYS</Type>
			<Description>TXT_KEY_CITYSTATE_LYS</Description>
			<ShortDescription>TXT_KEY_CITYSTATE_LYS</ShortDescription>
			<Adjective>TXT_KEY_CITYSTATE_LYS_ADJ</Adjective>
			<Civilopedia>TXT_KEY_CIV5_LYS_TEXT</Civilopedia>
			<DefaultPlayerColor>PLAYERCOLOR_MINOR_LIGHT_PURPLE</DefaultPlayerColor>
			<ArtDefineTag>ART_DEF_CIVILIZATION_MINOR</ArtDefineTag>
			<ArtStyleType>ARTSTYLE_MIDDLE_EAST</ArtStyleType>
			<ArtStyleSuffix>_AFRI</ArtStyleSuffix>
			<ArtStylePrefix>AFRICAN </ArtStylePrefix>
			<MinorCivTrait>MINOR_TRAIT_CULTURED</MinorCivTrait>
		</Row>
		<Row>
			<Type>MINOR_CIV_QOHOR</Type>
			<Description>TXT_KEY_CITYSTATE_QOHOR</Description>
			<ShortDescription>TXT_KEY_CITYSTATE_QOHOR</ShortDescription>
			<Adjective>TXT_KEY_CITYSTATE_QOHOR_ADJ</Adjective>
			<Civilopedia>TXT_KEY_CIV5_QOHOR_TEXT</Civilopedia>
			<DefaultPlayerColor>PLAYERCOLOR_MINOR_LIGHT_ORANGE</DefaultPlayerColor>
			<ArtDefineTag>ART_DEF_CIVILIZATION_MINOR</ArtDefineTag>
			<ArtStyleType>ARTSTYLE_MIDDLE_EAST</ArtStyleType>
			<ArtStyleSuffix>_AFRI</ArtStyleSuffix>
			<ArtStylePrefix>AFRICAN </ArtStylePrefix>
			<MinorCivTrait>MINOR_TRAIT_RELIGIOUS</MinorCivTrait>
		</Row>
		<Row>
			<Type>MINOR_CIV_NORVOS</Type>
			<Description>TXT_KEY_CITYSTATE_NORVOS</Description>
			<ShortDescription>TXT_KEY_CITYSTATE_NORVOS</ShortDescription>
			<Adjective>TXT_KEY_CITYSTATE_NORVOS_ADJ</Adjective>
			<Civilopedia>TXT_KEY_CIV5_NORVOS_TEXT</Civilopedia>
			<DefaultPlayerColor>PLAYERCOLOR_MINOR_YELLOW</DefaultPlayerColor>
			<ArtDefineTag>ART_DEF_CIVILIZATION_MINOR</ArtDefineTag>
			<ArtStyleType>ARTSTYLE_MIDDLE_EAST</ArtStyleType>
			<ArtStyleSuffix>_AFRI</ArtStyleSuffix>
			<ArtStylePrefix>AFRICAN </ArtStylePrefix>
			<MinorCivTrait>MINOR_TRAIT_MERCANTILE</MinorCivTrait>
		</Row>
		<Row>
			<Type>MINOR_CIV_MYR</Type>
			<Description>TXT_KEY_CITYSTATE_MYR</Description>
			<ShortDescription>TXT_KEY_CITYSTATE_MYR</ShortDescription>
			<Adjective>TXT_KEY_CITYSTATE_MYR_ADJ</Adjective>
			<Civilopedia>TXT_KEY_CIV5_MYR_TEXT</Civilopedia>
			<DefaultPlayerColor>PLAYERCOLOR_MINOR_LIGHT_YELLOW</DefaultPlayerColor>
			<ArtDefineTag>ART_DEF_CIVILIZATION_MINOR</ArtDefineTag>
			<ArtStyleType>ARTSTYLE_MIDDLE_EAST</ArtStyleType>
			<ArtStyleSuffix>_AFRI</ArtStyleSuffix>
			<ArtStylePrefix>AFRICAN </ArtStylePrefix>
			<MinorCivTrait>MINOR_TRAIT_MERCANTILE</MinorCivTrait>
		</Row>
		<Row>
			<Type>MINOR_CIV_TYROSH</Type>
			<Description>TXT_KEY_CITYSTATE_TYROSH</Description>
			<ShortDescription>TXT_KEY_CITYSTATE_TYROSH</ShortDescription>
			<Adjective>TXT_KEY_CITYSTATE_TYROSH_ADJ</Adjective>
			<Civilopedia>TXT_KEY_CIV5_TYROSH_TEXT</Civilopedia>
			<DefaultPlayerColor>PLAYERCOLOR_MINOR_DARK_LEMON</DefaultPlayerColor>
			<ArtDefineTag>ART_DEF_CIVILIZATION_MINOR</ArtDefineTag>
			<ArtStyleType>ARTSTYLE_MIDDLE_EAST</ArtStyleType>
			<ArtStyleSuffix>_AFRI</ArtStyleSuffix>
			<ArtStylePrefix>AFRICAN </ArtStylePrefix>
			<MinorCivTrait>MINOR_TRAIT_MILITARISTIC</MinorCivTrait>
		</Row>
		<Row>
			<Type>MINOR_CIV_VOLANTIS</Type>
			<Description>TXT_KEY_CITYSTATE_VOLANTIS</Description>
			<ShortDescription>TXT_KEY_CITYSTATE_VOLANTIS</ShortDescription>
			<Adjective>TXT_KEY_CITYSTATE_VOLANTIS_ADJ</Adjective>
			<Civilopedia>TXT_KEY_CIV5_VOLANTIS_TEXT</Civilopedia>
			<DefaultPlayerColor>PLAYERCOLOR_MINOR_PURPLE</DefaultPlayerColor>
			<ArtDefineTag>ART_DEF_CIVILIZATION_MINOR</ArtDefineTag>
			<ArtStyleType>ARTSTYLE_MIDDLE_EAST</ArtStyleType>
			<ArtStyleSuffix>_AFRI</ArtStyleSuffix>
			<ArtStylePrefix>AFRICAN </ArtStylePrefix>
			<MinorCivTrait>MINOR_TRAIT_MARITIME</MinorCivTrait>
		</Row>
		<Row>
			<Type>MINOR_CIV_LORATH</Type>
			<Description>TXT_KEY_CITYSTATE_LORATH</Description>
			<ShortDescription>TXT_KEY_CITYSTATE_LORATH</ShortDescription>
			<Adjective>TXT_KEY_CITYSTATE_LORATH_ADJ</Adjective>
			<Civilopedia>TXT_KEY_CIV5_LORATH_TEXT</Civilopedia>
			<DefaultPlayerColor>PLAYERCOLOR_MINOR_LIGHT_PURPLE</DefaultPlayerColor>
			<ArtDefineTag>ART_DEF_CIVILIZATION_MINOR</ArtDefineTag>
			<ArtStyleType>ARTSTYLE_MIDDLE_EAST</ArtStyleType>
			<ArtStyleSuffix>_AFRI</ArtStyleSuffix>
			<ArtStylePrefix>AFRICAN </ArtStylePrefix>
			<MinorCivTrait>MINOR_TRAIT_MARITIME</MinorCivTrait>
		</Row>
		<Row>
			<Type>MINOR_CIV_THE_TWINS</Type>
			<Description>TXT_KEY_CITYSTATE_THE_TWINS</Description>
			<ShortDescription>TXT_KEY_CITYSTATE_THE_TWINS</ShortDescription>
			<Adjective>TXT_KEY_CITYSTATE_THE_TWINS_ADJ</Adjective>
			<Civilopedia>TXT_KEY_CIV5_THE_TWINS_TEXT</Civilopedia>
			<DefaultPlayerColor>PLAYERCOLOR_MINOR_GREEN</DefaultPlayerColor>
			<ArtDefineTag>ART_DEF_CIVILIZATION_MINOR</ArtDefineTag>
			<ArtStyleType>ARTSTYLE_EUROPEAN</ArtStyleType>
			<ArtStylePrefix>EUROPEAN </ArtStylePrefix>
			<ArtStyleSuffix>_EURO</ArtStyleSuffix>
			<MinorCivTrait>MINOR_TRAIT_MILITARISTIC</MinorCivTrait>
		</Row>
		<Row>
			<Type>MINOR_CIV_KINGS_LANDING</Type>
			<Description>TXT_KEY_CITYSTATE_KINGS_LANDING</Description>
			<ShortDescription>TXT_KEY_CITYSTATE_KINGS_LANDING</ShortDescription>
			<Adjective>TXT_KEY_CITYSTATE_KINGS_LANDING_ADJ</Adjective>
			<Civilopedia>TXT_KEY_CIV5_KINGS_LANDING_TEXT</Civilopedia>
			<DefaultPlayerColor>PLAYERCOLOR_MINOR_GOLDENROD</DefaultPlayerColor>
			<ArtDefineTag>ART_DEF_CIVILIZATION_MINOR</ArtDefineTag>
			<ArtStyleType>ARTSTYLE_EUROPEAN</ArtStyleType>
			<ArtStylePrefix>EUROPEAN </ArtStylePrefix>
			<ArtStyleSuffix>_EURO</ArtStyleSuffix>
			<MinorCivTrait>MINOR_TRAIT_CULTURED</MinorCivTrait>
		</Row>
		<Row>
			<Type>MINOR_CIV_HARRENHAL</Type>
			<Description>TXT_KEY_CITYSTATE_HARRENHAL</Description>
			<ShortDescription>TXT_KEY_CITYSTATE_HARRENHAL</ShortDescription>
			<Adjective>TXT_KEY_CITYSTATE_HARRENHAL_ADJ</Adjective>
			<Civilopedia>TXT_KEY_CIV5_HARRENHAL_TEXT</Civilopedia>
			<DefaultPlayerColor>PLAYERCOLOR_MINOR_CYAN</DefaultPlayerColor>
			<ArtDefineTag>ART_DEF_CIVILIZATION_MINOR</ArtDefineTag>
			<ArtStyleType>ARTSTYLE_EUROPEAN</ArtStyleType>
			<ArtStylePrefix>EUROPEAN </ArtStylePrefix>
			<ArtStyleSuffix>_EURO</ArtStyleSuffix>
			<MinorCivTrait>MINOR_TRAIT_CULTURED</MinorCivTrait>
		</Row>
		<Row>
			<Type>MINOR_CIV_OLDTOWN</Type>
			<Description>TXT_KEY_CITYSTATE_OLDTOWN</Description>
			<ShortDescription>TXT_KEY_CITYSTATE_OLDTOWN</ShortDescription>
			<Adjective>TXT_KEY_CITYSTATE_OLDTOWN_ADJ</Adjective>
			<Civilopedia>TXT_KEY_CIV5_OLDTOWN_TEXT</Civilopedia>
			<DefaultPlayerColor>PLAYERCOLOR_MINOR_MIDDLE_CYAN</DefaultPlayerColor>
			<ArtDefineTag>ART_DEF_CIVILIZATION_MINOR</ArtDefineTag>
			<ArtStyleType>ARTSTYLE_EUROPEAN</ArtStyleType>
			<ArtStylePrefix>EUROPEAN </ArtStylePrefix>
			<ArtStyleSuffix>_EURO</ArtStyleSuffix>
			<MinorCivTrait>MINOR_TRAIT_CULTURED</MinorCivTrait>
		</Row>
		<Row>
			<Type>MINOR_CIV_CASTLE_BLACK</Type>
			<Description>TXT_KEY_CITYSTATE_CASTLE_BLACK</Description>
			<ShortDescription>TXT_KEY_CITYSTATE_CASTLE_BLACK</ShortDescription>
			<Adjective>TXT_KEY_CITYSTATE_CASTLE_BLACK_ADJ</Adjective>
			<Civilopedia>TXT_KEY_CIV5_CASTLE_BLACK_TEXT</Civilopedia>
			<DefaultPlayerColor>PLAYERCOLOR_MINOR_GRAY</DefaultPlayerColor>
			<ArtDefineTag>ART_DEF_CIVILIZATION_MINOR</ArtDefineTag>
			<ArtStyleType>ARTSTYLE_EUROPEAN</ArtStyleType>
			<ArtStylePrefix>EUROPEAN </ArtStylePrefix>
			<ArtStyleSuffix>_EURO</ArtStyleSuffix>
			<MinorCivTrait>MINOR_TRAIT_MILITARISTIC</MinorCivTrait>
		</Row>
		<Row>
			<Type>MINOR_CIV_THE_DREADFORT</Type>
			<Description>TXT_KEY_CITYSTATE_THE_DREADFORT</Description>
			<ShortDescription>TXT_KEY_CITYSTATE_THE_DREADFORT</ShortDescription>
			<Adjective>TXT_KEY_CITYSTATE_THE_DREADFORT_ADJ</Adjective>
			<Civilopedia>TXT_KEY_CIV5_THE_DREADFORT_TEXT</Civilopedia>
			<DefaultPlayerColor>PLAYERCOLOR_MINOR_PURPLE</DefaultPlayerColor>
			<ArtDefineTag>ART_DEF_CIVILIZATION_MINOR</ArtDefineTag>
			<ArtStyleType>ARTSTYLE_EUROPEAN</ArtStyleType>
			<ArtStylePrefix>EUROPEAN </ArtStylePrefix>
			<ArtStyleSuffix>_EURO</ArtStyleSuffix>
			<MinorCivTrait>MINOR_TRAIT_MILITARISTIC</MinorCivTrait>
		</Row>
		<Row>
			<Type>MINOR_CIV_ASSHAI</Type>
			<Description>TXT_KEY_CITYSTATE_ASSHAI</Description>
			<ShortDescription>TXT_KEY_CITYSTATE_ASSHAI</ShortDescription>
			<Adjective>TXT_KEY_CITYSTATE_ASSHAI_ADJ</Adjective>
			<Civilopedia>TXT_KEY_CIV5_ASSHAI_TEXT</Civilopedia>
			<DefaultPlayerColor>PLAYERCOLOR_MINOR_MIDDLE_BLUE</DefaultPlayerColor>
			<ArtDefineTag>ART_DEF_CIVILIZATION_MINOR</ArtDefineTag>
			<ArtStyleType>ARTSTYLE_MIDDLE_EAST</ArtStyleType>
			<ArtStyleSuffix>_AFRI</ArtStyleSuffix>
			<ArtStylePrefix>AFRICAN </ArtStylePrefix>
			<MinorCivTrait>MINOR_TRAIT_MERCANTILE</MinorCivTrait>
		</Row>
		<Row>
			<Type>MINOR_CIV_QARTH</Type>
			<Description>TXT_KEY_CITYSTATE_QARTH</Description>
			<ShortDescription>TXT_KEY_CITYSTATE_QARTH</ShortDescription>
			<Adjective>TXT_KEY_CITYSTATE_QARTH_ADJ</Adjective>
			<Civilopedia>TXT_KEY_CIV5_QARTH_TEXT</Civilopedia>
			<DefaultPlayerColor>PLAYERCOLOR_MINOR_BLUE</DefaultPlayerColor>
			<ArtDefineTag>ART_DEF_CIVILIZATION_MINOR</ArtDefineTag>
			<ArtStyleType>ARTSTYLE_MIDDLE_EAST</ArtStyleType>
			<ArtStyleSuffix>_AFRI</ArtStyleSuffix>
			<ArtStylePrefix>AFRICAN </ArtStylePrefix>
			<MinorCivTrait>MINOR_TRAIT_MERCANTILE</MinorCivTrait>
		</Row>
		<Row>
			<Type>MINOR_CIV_LOTUS_PORT</Type>
			<Description>TXT_KEY_CITYSTATE_LOTUS_PORT</Description>
			<ShortDescription>TXT_KEY_CITYSTATE_LOTUS_PORT</ShortDescription>
			<Adjective>TXT_KEY_CITYSTATE_LOTUS_PORT_ADJ</Adjective>
			<Civilopedia>TXT_KEY_CIV5_LOTUS_PORT_TEXT</Civilopedia>
			<DefaultPlayerColor>PLAYERCOLOR_MINOR_LIGHT_GREEN</DefaultPlayerColor>
			<ArtDefineTag>ART_DEF_CIVILIZATION_MINOR</ArtDefineTag>
			<ArtStyleType>ARTSTYLE_MIDDLE_EAST</ArtStyleType>
			<ArtStyleSuffix>_AFRI</ArtStyleSuffix>
			<ArtStylePrefix>AFRICAN </ArtStylePrefix>
			<MinorCivTrait>MINOR_TRAIT_MARITIME</MinorCivTrait>
		</Row>
		<Row>
			<Type>MINOR_CIV_PORT_OF_IBBEN</Type>
			<Description>TXT_KEY_CITYSTATE_PORT_OF_IBBEN</Description>
			<ShortDescription>TXT_KEY_CITYSTATE_PORT_OF_IBBEN</ShortDescription>
			<Adjective>TXT_KEY_CITYSTATE_PORT_OF_IBBEN_ADJ</Adjective>
			<Civilopedia>TXT_KEY_CIV5_PORT_OF_IBBEN_TEXT</Civilopedia>
			<DefaultPlayerColor>PLAYERCOLOR_MINOR_MIDDLE_PURPLE</DefaultPlayerColor>
			<ArtDefineTag>ART_DEF_CIVILIZATION_MINOR</ArtDefineTag>
			<ArtStyleType>ARTSTYLE_MIDDLE_EAST</ArtStyleType>
			<ArtStyleSuffix>_AFRI</ArtStyleSuffix>
			<ArtStylePrefix>AFRICAN </ArtStylePrefix>
			<MinorCivTrait>MINOR_TRAIT_MARITIME</MinorCivTrait>
		</Row>
		<Row>
			<Type>MINOR_CIV_PORT_MORAQ</Type>
			<Description>TXT_KEY_CITYSTATE_PORT_MORAQ</Description>
			<ShortDescription>TXT_KEY_CITYSTATE_PORT_MORAQ</ShortDescription>
			<Adjective>TXT_KEY_CITYSTATE_PORT_MORAQ_ADJ</Adjective>
			<Civilopedia>TXT_KEY_CIV5_PORT_MORAQ_TEXT</Civilopedia>
			<DefaultPlayerColor>PLAYERCOLOR_MINOR_GREEN</DefaultPlayerColor>
			<ArtDefineTag>ART_DEF_CIVILIZATION_MINOR</ArtDefineTag>
			<ArtStyleType>ARTSTYLE_MIDDLE_EAST</ArtStyleType>
			<ArtStyleSuffix>_AFRI</ArtStyleSuffix>
			<ArtStylePrefix>AFRICAN </ArtStylePrefix>
			<MinorCivTrait>MINOR_TRAIT_MARITIME</MinorCivTrait>
		</Row>
		<Row>
			<Type>MINOR_CIV_YIN</Type>
			<Description>TXT_KEY_CITYSTATE_YIN</Description>
			<ShortDescription>TXT_KEY_CITYSTATE_YIN</ShortDescription>
			<Adjective>TXT_KEY_CITYSTATE_YIN_ADJ</Adjective>
			<Civilopedia>TXT_KEY_CIV5_YIN_TEXT</Civilopedia>
			<DefaultPlayerColor>PLAYERCOLOR_MINOR_LIGHT_GREEN</DefaultPlayerColor>
			<ArtDefineTag>ART_DEF_CIVILIZATION_MINOR</ArtDefineTag>
			<ArtStyleType>ARTSTYLE_MIDDLE_EAST</ArtStyleType>
			<ArtStyleSuffix>_AFRI</ArtStyleSuffix>
			<ArtStylePrefix>AFRICAN </ArtStylePrefix>
			<MinorCivTrait>MINOR_TRAIT_CULTURED</MinorCivTrait>
		</Row>
		<Row>
			<Type>MINOR_CIV_NEFER</Type>
			<Description>TXT_KEY_CITYSTATE_NEFER</Description>
			<ShortDescription>TXT_KEY_CITYSTATE_NEFER</ShortDescription>
			<Adjective>TXT_KEY_CITYSTATE_NEFER_ADJ</Adjective>
			<Civilopedia>TXT_KEY_CIV5_NEFER_TEXT</Civilopedia>
			<DefaultPlayerColor>PLAYERCOLOR_MINOR_CYAN</DefaultPlayerColor>
			<ArtDefineTag>ART_DEF_CIVILIZATION_MINOR</ArtDefineTag>
			<ArtStyleType>ARTSTYLE_MIDDLE_EAST</ArtStyleType>
			<ArtStyleSuffix>_AFRI</ArtStyleSuffix>
			<ArtStylePrefix>AFRICAN </ArtStylePrefix>
			<MinorCivTrait>MINOR_TRAIT_RELIGIOUS</MinorCivTrait>
		</Row>
		<Row>
			<Type>MINOR_CIV_TRADER_TOWN</Type>
			<Description>TXT_KEY_CITYSTATE_TRADER_TOWN</Description>
			<ShortDescription>TXT_KEY_CITYSTATE_TRADER_TOWN</ShortDescription>
			<Adjective>TXT_KEY_CITYSTATE_TRADER_TOWN_ADJ</Adjective>
			<Civilopedia>TXT_KEY_CIV5_TRADER_TOWN_TEXT</Civilopedia>
			<DefaultPlayerColor>PLAYERCOLOR_MINOR_LIGHT_ORANGE</DefaultPlayerColor>
			<ArtDefineTag>ART_DEF_CIVILIZATION_MINOR</ArtDefineTag>
			<ArtStyleType>ARTSTYLE_MIDDLE_EAST</ArtStyleType>
			<ArtStyleSuffix>_AFRI</ArtStyleSuffix>
			<ArtStylePrefix>AFRICAN </ArtStylePrefix>
			<MinorCivTrait>MINOR_TRAIT_MERCANTILE</MinorCivTrait>
		</Row>
		<Row>
			<Type>MINOR_CIV_KDATH</Type>
			<Description>TXT_KEY_CITYSTATE_KDATH</Description>
			<ShortDescription>TXT_KEY_CITYSTATE_KDATH</ShortDescription>
			<Adjective>TXT_KEY_CITYSTATE_KDATH_ADJ</Adjective>
			<Civilopedia>TXT_KEY_CIV5_KDATH_TEXT</Civilopedia>
			<DefaultPlayerColor>PLAYERCOLOR_MINOR_LIGHT_YELLOW</DefaultPlayerColor>
			<ArtDefineTag>ART_DEF_CIVILIZATION_MINOR</ArtDefineTag>
			<ArtStyleType>ARTSTYLE_MIDDLE_EAST</ArtStyleType>
			<ArtStyleSuffix>_AFRI</ArtStyleSuffix>
			<ArtStylePrefix>AFRICAN </ArtStylePrefix>
			<MinorCivTrait>MINOR_TRAIT_RELIGIOUS</MinorCivTrait>
		</Row>
	</MinorCivilizations>
	<MinorCivilization_CityNames>
		<Row>
			<MinorCivType>MINOR_CIV_PENTOS</MinorCivType>
			<CityName>TXT_KEY_CITYSTATE_PENTOS</CityName>
		</Row>
		<Row>
			<MinorCivType>MINOR_CIV_BRAAVOS</MinorCivType>
			<CityName>TXT_KEY_CITYSTATE_BRAAVOS</CityName>
		</Row>
		<Row>
			<MinorCivType>MINOR_CIV_LYS</MinorCivType>
			<CityName>TXT_KEY_CITYSTATE_LYS</CityName>
		</Row>
		<Row>
			<MinorCivType>MINOR_CIV_QOHOR</MinorCivType>
			<CityName>TXT_KEY_CITYSTATE_QOHOR</CityName>
		</Row>
		<Row>
			<MinorCivType>MINOR_CIV_NORVOS</MinorCivType>
			<CityName>TXT_KEY_CITYSTATE_NORVOS</CityName>
		</Row>
		<Row>
			<MinorCivType>MINOR_CIV_MYR</MinorCivType>
			<CityName>TXT_KEY_CITYSTATE_MYR</CityName>
		</Row>
		<Row>
			<MinorCivType>MINOR_CIV_TYROSH</MinorCivType>
			<CityName>TXT_KEY_CITYSTATE_TYROSH</CityName>
		</Row>
		<Row>
			<MinorCivType>MINOR_CIV_VOLANTIS</MinorCivType>
			<CityName>TXT_KEY_CITYSTATE_VOLANTIS</CityName>
		</Row>
		<Row>
			<MinorCivType>MINOR_CIV_LORATH</MinorCivType>
			<CityName>TXT_KEY_CITYSTATE_LORATH</CityName>
		</Row>
		<Row>
			<MinorCivType>MINOR_CIV_THE_TWINS</MinorCivType>
			<CityName>TXT_KEY_CITYSTATE_THE_TWINS</CityName>
		</Row>
		<Row>
			<MinorCivType>MINOR_CIV_KINGS_LANDING</MinorCivType>
			<CityName>TXT_KEY_CITYSTATE_KINGS_LANDING</CityName>
		</Row>
		<Row>
			<MinorCivType>MINOR_CIV_HARRENHAL</MinorCivType>
			<CityName>TXT_KEY_CITYSTATE_HARRENHAL</CityName>
		</Row>
		<Row>
			<MinorCivType>MINOR_CIV_OLDTOWN</MinorCivType>
			<CityName>TXT_KEY_CITYSTATE_OLDTOWN</CityName>
		</Row>
		<Row>
			<MinorCivType>MINOR_CIV_CASTLE_BLACK</MinorCivType>
			<CityName>TXT_KEY_CITYSTATE_CASTLE_BLACK</CityName>
		</Row>
		<Row>
			<MinorCivType>MINOR_CIV_THE_DREADFORT</MinorCivType>
			<CityName>TXT_KEY_CITYSTATE_THE_DREADFORT</CityName>
		</Row>
		<Row>
			<MinorCivType>MINOR_CIV_ASSHAI</MinorCivType>
			<CityName>TXT_KEY_CITYSTATE_ASSHAI</CityName>
		</Row>
		<Row>
			<MinorCivType>MINOR_CIV_QARTH</MinorCivType>
			<CityName>TXT_KEY_CITYSTATE_QARTH</CityName>
		</Row>
		<Row>
			<MinorCivType>MINOR_CIV_LOTUS_PORT</MinorCivType>
			<CityName>TXT_KEY_CITYSTATE_LOTUS_PORT</CityName>
		</Row>
		<Row>
			<MinorCivType>MINOR_CIV_PORT_OF_IBBEN</MinorCivType>
			<CityName>TXT_KEY_CITYSTATE_PORT_OF_IBBEN</CityName>
		</Row>
		<Row>
			<MinorCivType>MINOR_CIV_PORT_MORAQ</MinorCivType>
			<CityName>TXT_KEY_CITYSTATE_PORT_MORAQ</CityName>
		</Row>
		<Row>
			<MinorCivType>MINOR_CIV_YIN</MinorCivType>
			<CityName>TXT_KEY_CITYSTATE_YIN</CityName>
		</Row>
		<Row>
			<MinorCivType>MINOR_CIV_NEFER</MinorCivType>
			<CityName>TXT_KEY_CITYSTATE_NEFER</CityName>
		</Row>
		<Row>
			<MinorCivType>MINOR_CIV_TRADER_TOWN</MinorCivType>
			<CityName>TXT_KEY_CITYSTATE_TRADER_TOWN</CityName>
		</Row>
		<Row>
			<MinorCivType>MINOR_CIV_KDATH</MinorCivType>
			<CityName>TXT_KEY_CITYSTATE_KDATH</CityName>
		</Row>
	</MinorCivilization_CityNames>
	<MinorCivilization_Flavors>
		<Row>
			<MinorCivType>MINOR_CIV_PENTOS</MinorCivType>
			<FlavorType>FLAVOR_EXPANSION</FlavorType>
			<Flavor>0</Flavor>
		</Row>
		<Row>
			<MinorCivType>MINOR_CIV_PENTOS</MinorCivType>
			<FlavorType>FLAVOR_NUKE</FlavorType>
			<Flavor>0</Flavor>
		</Row>
		<Row>
			<MinorCivType>MINOR_CIV_PENTOS</MinorCivType>
			<FlavorType>FLAVOR_WONDER</FlavorType>
			<Flavor>0</Flavor>
		</Row>
		<Row>
			<MinorCivType>MINOR_CIV_PENTOS</MinorCivType>
			<FlavorType>FLAVOR_GOLD</FlavorType>
			<Flavor>10</Flavor>
		</Row>
		<Row>
			<MinorCivType>MINOR_CIV_BRAAVOS</MinorCivType>
			<FlavorType>FLAVOR_EXPANSION</FlavorType>
			<Flavor>0</Flavor>
		</Row>
		<Row>
			<MinorCivType>MINOR_CIV_BRAAVOS</MinorCivType>
			<FlavorType>FLAVOR_NUKE</FlavorType>
			<Flavor>0</Flavor>
		</Row>
		<Row>
			<MinorCivType>MINOR_CIV_BRAAVOS</MinorCivType>
			<FlavorType>FLAVOR_CITY_DEFENSE</FlavorType>
			<Flavor>7</Flavor>
		</Row>
		<Row>
			<MinorCivType>MINOR_CIV_BRAAVOS</MinorCivType>
			<FlavorType>FLAVOR_DEFENSE</FlavorType>
			<Flavor>7</Flavor>
		</Row>
		<Row>
			<MinorCivType>MINOR_CIV_BRAAVOS</MinorCivType>
			<FlavorType>FLAVOR_OFFENSE</FlavorType>
			<Flavor>7</Flavor>
		</Row>
		<Row>
			<MinorCivType>MINOR_CIV_BRAAVOS</MinorCivType>
			<FlavorType>FLAVOR_MILITARY_TRAINING</FlavorType>
			<Flavor>7</Flavor>
		</Row>
		<Row>
			<MinorCivType>MINOR_CIV_BRAAVOS</MinorCivType>
			<FlavorType>FLAVOR_WONDER</FlavorType>
			<Flavor>0</Flavor>
		</Row>
		<Row>
			<MinorCivType>MINOR_CIV_LYS</MinorCivType>
			<FlavorType>FLAVOR_EXPANSION</FlavorType>
			<Flavor>0</Flavor>
		</Row>
		<Row>
			<MinorCivType>MINOR_CIV_LYS</MinorCivType>
			<FlavorType>FLAVOR_NUKE</FlavorType>
			<Flavor>0</Flavor>
		</Row>
		<Row>
			<MinorCivType>MINOR_CIV_LYS</MinorCivType>
			<FlavorType>FLAVOR_WONDER</FlavorType>
			<Flavor>0</Flavor>
		</Row>
		<Row>
			<MinorCivType>MINOR_CIV_LYS</MinorCivType>
			<FlavorType>FLAVOR_CULTURE</FlavorType>
			<Flavor>10</Flavor>
		</Row>
		<Row>
			<MinorCivType>MINOR_CIV_QOHOR</MinorCivType>
			<FlavorType>FLAVOR_EXPANSION</FlavorType>
			<Flavor>0</Flavor>
		</Row>
		<Row>
			<MinorCivType>MINOR_CIV_QOHOR</MinorCivType>
			<FlavorType>FLAVOR_NUKE</FlavorType>
			<Flavor>0</Flavor>
		</Row>
		<Row>
			<MinorCivType>MINOR_CIV_QOHOR</MinorCivType>
			<FlavorType>FLAVOR_WONDER</FlavorType>
			<Flavor>0</Flavor>
		</Row>
		<Row>
			<MinorCivType>MINOR_CIV_QOHOR</MinorCivType>
			<FlavorType>FLAVOR_RELIGION</FlavorType>
			<Flavor>10</Flavor>
		</Row>
		<Row>
			<MinorCivType>MINOR_CIV_NORVOS</MinorCivType>
			<FlavorType>FLAVOR_EXPANSION</FlavorType>
			<Flavor>0</Flavor>
		</Row>
		<Row>
			<MinorCivType>MINOR_CIV_NORVOS</MinorCivType>
			<FlavorType>FLAVOR_NUKE</FlavorType>
			<Flavor>0</Flavor>
		</Row>
		<Row>
			<MinorCivType>MINOR_CIV_NORVOS</MinorCivType>
			<FlavorType>FLAVOR_WONDER</FlavorType>
			<Flavor>0</Flavor>
		</Row>
		<Row>
			<MinorCivType>MINOR_CIV_NORVOS</MinorCivType>
			<FlavorType>FLAVOR_GOLD</FlavorType>
			<Flavor>10</Flavor>
		</Row>
		<Row>
			<MinorCivType>MINOR_CIV_MYR</MinorCivType>
			<FlavorType>FLAVOR_EXPANSION</FlavorType>
			<Flavor>0</Flavor>
		</Row>
		<Row>
			<MinorCivType>MINOR_CIV_MYR</MinorCivType>
			<FlavorType>FLAVOR_NUKE</FlavorType>
			<Flavor>0</Flavor>
		</Row>
		<Row>
			<MinorCivType>MINOR_CIV_MYR</MinorCivType>
			<FlavorType>FLAVOR_WONDER</FlavorType>
			<Flavor>0</Flavor>
		</Row>
		<Row>
			<MinorCivType>MINOR_CIV_MYR</MinorCivType>
			<FlavorType>FLAVOR_GOLD</FlavorType>
			<Flavor>10</Flavor>
		</Row>
		<Row>
			<MinorCivType>MINOR_CIV_TYROSH</MinorCivType>
			<FlavorType>FLAVOR_EXPANSION</FlavorType>
			<Flavor>0</Flavor>
		</Row>
		<Row>
			<MinorCivType>MINOR_CIV_TYROSH</MinorCivType>
			<FlavorType>FLAVOR_NUKE</FlavorType>
			<Flavor>0</Flavor>
		</Row>
		<Row>
			<MinorCivType>MINOR_CIV_TYROSH</MinorCivType>
			<FlavorType>FLAVOR_CITY_DEFENSE</FlavorType>
			<Flavor>7</Flavor>
		</Row>
		<Row>
			<MinorCivType>MINOR_CIV_TYROSH</MinorCivType>
			<FlavorType>FLAVOR_DEFENSE</FlavorType>
			<Flavor>7</Flavor>
		</Row>
		<Row>
			<MinorCivType>MINOR_CIV_TYROSH</MinorCivType>
			<FlavorType>FLAVOR_OFFENSE</FlavorType>
			<Flavor>7</Flavor>
		</Row>
		<Row>
			<MinorCivType>MINOR_CIV_TYROSH</MinorCivType>
			<FlavorType>FLAVOR_WONDER</FlavorType>
			<Flavor>0</Flavor>
		</Row>
		<Row>
			<MinorCivType>MINOR_CIV_TYROSH</MinorCivType>
			<FlavorType>FLAVOR_MILITARY_TRAINING</FlavorType>
			<Flavor>7</Flavor>
		</Row>
		<Row>
			<MinorCivType>MINOR_CIV_VOLANTIS</MinorCivType>
			<FlavorType>FLAVOR_EXPANSION</FlavorType>
			<Flavor>0</Flavor>
		</Row>
		<Row>
			<MinorCivType>MINOR_CIV_VOLANTIS</MinorCivType>
			<FlavorType>FLAVOR_NUKE</FlavorType>
			<Flavor>0</Flavor>
		</Row>
		<Row>
			<MinorCivType>MINOR_CIV_VOLANTIS</MinorCivType>
			<FlavorType>FLAVOR_WONDER</FlavorType>
			<Flavor>0</Flavor>
		</Row>
		<Row>
			<MinorCivType>MINOR_CIV_VOLANTIS</MinorCivType>
			<FlavorType>FLAVOR_NAVAL</FlavorType>
			<Flavor>8</Flavor>
		</Row>
		<Row>
			<MinorCivType>MINOR_CIV_VOLANTIS</MinorCivType>
			<FlavorType>FLAVOR_GROWTH</FlavorType>
			<Flavor>8</Flavor>
		</Row>
		<Row>
			<MinorCivType>MINOR_CIV_LORATH</MinorCivType>
			<FlavorType>FLAVOR_EXPANSION</FlavorType>
			<Flavor>0</Flavor>
		</Row>
		<Row>
			<MinorCivType>MINOR_CIV_LORATH</MinorCivType>
			<FlavorType>FLAVOR_NUKE</FlavorType>
			<Flavor>0</Flavor>
		</Row>
		<Row>
			<MinorCivType>MINOR_CIV_LORATH</MinorCivType>
			<FlavorType>FLAVOR_WONDER</FlavorType>
			<Flavor>0</Flavor>
		</Row>
		<Row>
			<MinorCivType>MINOR_CIV_LORATH</MinorCivType>
			<FlavorType>FLAVOR_NAVAL</FlavorType>
			<Flavor>8</Flavor>
		</Row>
		<Row>
			<MinorCivType>MINOR_CIV_LORATH</MinorCivType>
			<FlavorType>FLAVOR_GROWTH</FlavorType>
			<Flavor>8</Flavor>
		</Row>
		<Row>
			<MinorCivType>MINOR_CIV_THE_TWINS</MinorCivType>
			<FlavorType>FLAVOR_EXPANSION</FlavorType>
			<Flavor>0</Flavor>
		</Row>
		<Row>
			<MinorCivType>MINOR_CIV_THE_TWINS</MinorCivType>
			<FlavorType>FLAVOR_NUKE</FlavorType>
			<Flavor>0</Flavor>
		</Row>
		<Row>
			<MinorCivType>MINOR_CIV_THE_TWINS</MinorCivType>
			<FlavorType>FLAVOR_CITY_DEFENSE</FlavorType>
			<Flavor>7</Flavor>
		</Row>
		<Row>
			<MinorCivType>MINOR_CIV_THE_TWINS</MinorCivType>
			<FlavorType>FLAVOR_DEFENSE</FlavorType>
			<Flavor>7</Flavor>
		</Row>
		<Row>
			<MinorCivType>MINOR_CIV_THE_TWINS</MinorCivType>
			<FlavorType>FLAVOR_OFFENSE</FlavorType>
			<Flavor>7</Flavor>
		</Row>
		<Row>
			<MinorCivType>MINOR_CIV_THE_TWINS</MinorCivType>
			<FlavorType>FLAVOR_WONDER</FlavorType>
			<Flavor>0</Flavor>
		</Row>
		<Row>
			<MinorCivType>MINOR_CIV_THE_TWINS</MinorCivType>
			<FlavorType>FLAVOR_MILITARY_TRAINING</FlavorType>
			<Flavor>7</Flavor>
		</Row>
		<Row>
			<MinorCivType>MINOR_CIV_KINGS_LANDING</MinorCivType>
			<FlavorType>FLAVOR_EXPANSION</FlavorType>
			<Flavor>0</Flavor>
		</Row>
		<Row>
			<MinorCivType>MINOR_CIV_KINGS_LANDING</MinorCivType>
			<FlavorType>FLAVOR_NUKE</FlavorType>
			<Flavor>0</Flavor>
		</Row>
		<Row>
			<MinorCivType>MINOR_CIV_KINGS_LANDING</MinorCivType>
			<FlavorType>FLAVOR_WONDER</FlavorType>
			<Flavor>0</Flavor>
		</Row>
		<Row>
			<MinorCivType>MINOR_CIV_KINGS_LANDING</MinorCivType>
			<FlavorType>FLAVOR_CULTURE</FlavorType>
			<Flavor>10</Flavor>
		</Row>
		<Row>
			<MinorCivType>MINOR_CIV_HARRENHAL</MinorCivType>
			<FlavorType>FLAVOR_EXPANSION</FlavorType>
			<Flavor>0</Flavor>
		</Row>
		<Row>
			<MinorCivType>MINOR_CIV_HARRENHAL</MinorCivType>
			<FlavorType>FLAVOR_NUKE</FlavorType>
			<Flavor>0</Flavor>
		</Row>
		<Row>
			<MinorCivType>MINOR_CIV_HARRENHAL</MinorCivType>
			<FlavorType>FLAVOR_WONDER</FlavorType>
			<Flavor>0</Flavor>
		</Row>
		<Row>
			<MinorCivType>MINOR_CIV_HARRENHAL</MinorCivType>
			<FlavorType>FLAVOR_CULTURE</FlavorType>
			<Flavor>10</Flavor>
		</Row>
		<Row>
			<MinorCivType>MINOR_CIV_OLDTOWN</MinorCivType>
			<FlavorType>FLAVOR_EXPANSION</FlavorType>
			<Flavor>0</Flavor>
		</Row>
		<Row>
			<MinorCivType>MINOR_CIV_OLDTOWN</MinorCivType>
			<FlavorType>FLAVOR_NUKE</FlavorType>
			<Flavor>0</Flavor>
		</Row>
		<Row>
			<MinorCivType>MINOR_CIV_OLDTOWN</MinorCivType>
			<FlavorType>FLAVOR_WONDER</FlavorType>
			<Flavor>0</Flavor>
		</Row>
		<Row>
			<MinorCivType>MINOR_CIV_OLDTOWN</MinorCivType>
			<FlavorType>FLAVOR_CULTURE</FlavorType>
			<Flavor>10</Flavor>
		</Row>
		<Row>
			<MinorCivType>MINOR_CIV_CASTLE_BLACK</MinorCivType>
			<FlavorType>FLAVOR_EXPANSION</FlavorType>
			<Flavor>0</Flavor>
		</Row>
		<Row>
			<MinorCivType>MINOR_CIV_CASTLE_BLACK</MinorCivType>
			<FlavorType>FLAVOR_NUKE</FlavorType>
			<Flavor>0</Flavor>
		</Row>
		<Row>
			<MinorCivType>MINOR_CIV_CASTLE_BLACK</MinorCivType>
			<FlavorType>FLAVOR_WONDER</FlavorType>
			<Flavor>0</Flavor>
		</Row>
		<Row>
			<MinorCivType>MINOR_CIV_CASTLE_BLACK</MinorCivType>
			<FlavorType>FLAVOR_CITY_DEFENSE</FlavorType>
			<Flavor>7</Flavor>
		</Row>
		<Row>
			<MinorCivType>MINOR_CIV_CASTLE_BLACK</MinorCivType>
			<FlavorType>FLAVOR_DEFENSE</FlavorType>
			<Flavor>7</Flavor>
		</Row>
		<Row>
			<MinorCivType>MINOR_CIV_CASTLE_BLACK</MinorCivType>
			<FlavorType>FLAVOR_OFFENSE</FlavorType>
			<Flavor>7</Flavor>
		</Row>
		<Row>
			<MinorCivType>MINOR_CIV_CASTLE_BLACK</MinorCivType>
			<FlavorType>FLAVOR_MILITARY_TRAINING</FlavorType>
			<Flavor>7</Flavor>
		</Row>
		<Row>
			<MinorCivType>MINOR_CIV_THE_DREADFORT</MinorCivType>
			<FlavorType>FLAVOR_EXPANSION</FlavorType>
			<Flavor>0</Flavor>
		</Row>
		<Row>
			<MinorCivType>MINOR_CIV_THE_DREADFORT</MinorCivType>
			<FlavorType>FLAVOR_NUKE</FlavorType>
			<Flavor>0</Flavor>
		</Row>
		<Row>
			<MinorCivType>MINOR_CIV_THE_DREADFORT</MinorCivType>
			<FlavorType>FLAVOR_CITY_DEFENSE</FlavorType>
			<Flavor>7</Flavor>
		</Row>
		<Row>
			<MinorCivType>MINOR_CIV_THE_DREADFORT</MinorCivType>
			<FlavorType>FLAVOR_DEFENSE</FlavorType>
			<Flavor>7</Flavor>
		</Row>
		<Row>
			<MinorCivType>MINOR_CIV_THE_DREADFORT</MinorCivType>
			<FlavorType>FLAVOR_OFFENSE</FlavorType>
			<Flavor>7</Flavor>
		</Row>
		<Row>
			<MinorCivType>MINOR_CIV_THE_DREADFORT</MinorCivType>
			<FlavorType>FLAVOR_WONDER</FlavorType>
			<Flavor>0</Flavor>
		</Row>
		<Row>
			<MinorCivType>MINOR_CIV_THE_DREADFORT</MinorCivType>
			<FlavorType>FLAVOR_MILITARY_TRAINING</FlavorType>
			<Flavor>7</Flavor>
		</Row>
		<Row>
			<MinorCivType>MINOR_CIV_ASSHAI</MinorCivType>
			<FlavorType>FLAVOR_EXPANSION</FlavorType>
			<Flavor>0</Flavor>
		</Row>
		<Row>
			<MinorCivType>MINOR_CIV_ASSHAI</MinorCivType>
			<FlavorType>FLAVOR_NUKE</FlavorType>
			<Flavor>0</Flavor>
		</Row>
		<Row>
			<MinorCivType>MINOR_CIV_ASSHAI</MinorCivType>
			<FlavorType>FLAVOR_WONDER</FlavorType>
			<Flavor>0</Flavor>
		</Row>
		<Row>
			<MinorCivType>MINOR_CIV_ASSHAI</MinorCivType>
			<FlavorType>FLAVOR_GOLD</FlavorType>
			<Flavor>10</Flavor>
		</Row>
		<Row>
			<MinorCivType>MINOR_CIV_QARTH</MinorCivType>
			<FlavorType>FLAVOR_EXPANSION</FlavorType>
			<Flavor>0</Flavor>
		</Row>
		<Row>
			<MinorCivType>MINOR_CIV_QARTH</MinorCivType>
			<FlavorType>FLAVOR_NUKE</FlavorType>
			<Flavor>0</Flavor>
		</Row>
		<Row>
			<MinorCivType>MINOR_CIV_QARTH</MinorCivType>
			<FlavorType>FLAVOR_WONDER</FlavorType>
			<Flavor>0</Flavor>
		</Row>
		<Row>
			<MinorCivType>MINOR_CIV_QARTH</MinorCivType>
			<FlavorType>FLAVOR_GOLD</FlavorType>
			<Flavor>10</Flavor>
		</Row>
		<Row>
			<MinorCivType>MINOR_CIV_LOTUS_PORT</MinorCivType>
			<FlavorType>FLAVOR_EXPANSION</FlavorType>
			<Flavor>0</Flavor>
		</Row>
		<Row>
			<MinorCivType>MINOR_CIV_LOTUS_PORT</MinorCivType>
			<FlavorType>FLAVOR_NUKE</FlavorType>
			<Flavor>0</Flavor>
		</Row>
		<Row>
			<MinorCivType>MINOR_CIV_LOTUS_PORT</MinorCivType>
			<FlavorType>FLAVOR_WONDER</FlavorType>
			<Flavor>0</Flavor>
		</Row>
		<Row>
			<MinorCivType>MINOR_CIV_LOTUS_PORT</MinorCivType>
			<FlavorType>FLAVOR_NAVAL</FlavorType>
			<Flavor>8</Flavor>
		</Row>
		<Row>
			<MinorCivType>MINOR_CIV_PORT_OF_IBBEN</MinorCivType>
			<FlavorType>FLAVOR_EXPANSION</FlavorType>
			<Flavor>0</Flavor>
		</Row>
		<Row>
			<MinorCivType>MINOR_CIV_PORT_OF_IBBEN</MinorCivType>
			<FlavorType>FLAVOR_NUKE</FlavorType>
			<Flavor>0</Flavor>
		</Row>
		<Row>
			<MinorCivType>MINOR_CIV_PORT_OF_IBBEN</MinorCivType>
			<FlavorType>FLAVOR_WONDER</FlavorType>
			<Flavor>0</Flavor>
		</Row>
		<Row>
			<MinorCivType>MINOR_CIV_PORT_OF_IBBEN</MinorCivType>
			<FlavorType>FLAVOR_NAVAL</FlavorType>
			<Flavor>8</Flavor>
		</Row>
		<Row>
			<MinorCivType>MINOR_CIV_PORT_OF_IBBEN</MinorCivType>
			<FlavorType>FLAVOR_GROWTH</FlavorType>
			<Flavor>8</Flavor>
		</Row>
		<Row>
			<MinorCivType>MINOR_CIV_PORT_MORAQ</MinorCivType>
			<FlavorType>FLAVOR_EXPANSION</FlavorType>
			<Flavor>0</Flavor>
		</Row>
		<Row>
			<MinorCivType>MINOR_CIV_PORT_MORAQ</MinorCivType>
			<FlavorType>FLAVOR_NUKE</FlavorType>
			<Flavor>0</Flavor>
		</Row>
		<Row>
			<MinorCivType>MINOR_CIV_PORT_MORAQ</MinorCivType>
			<FlavorType>FLAVOR_WONDER</FlavorType>
			<Flavor>0</Flavor>
		</Row>
		<Row>
			<MinorCivType>MINOR_CIV_PORT_MORAQ</MinorCivType>
			<FlavorType>FLAVOR_NAVAL</FlavorType>
			<Flavor>8</Flavor>
		</Row>
		<Row>
			<MinorCivType>MINOR_CIV_PORT_MORAQ</MinorCivType>
			<FlavorType>FLAVOR_GROWTH</FlavorType>
			<Flavor>8</Flavor>
		</Row>
		<Row>
			<MinorCivType>MINOR_CIV_YIN</MinorCivType>
			<FlavorType>FLAVOR_EXPANSION</FlavorType>
			<Flavor>0</Flavor>
		</Row>
		<Row>
			<MinorCivType>MINOR_CIV_YIN</MinorCivType>
			<FlavorType>FLAVOR_NUKE</FlavorType>
			<Flavor>0</Flavor>
		</Row>
		<Row>
			<MinorCivType>MINOR_CIV_YIN</MinorCivType>
			<FlavorType>FLAVOR_WONDER</FlavorType>
			<Flavor>0</Flavor>
		</Row>
		<Row>
			<MinorCivType>MINOR_CIV_YIN</MinorCivType>
			<FlavorType>FLAVOR_CULTURE</FlavorType>
			<Flavor>10</Flavor>
		</Row>
		<Row>
			<MinorCivType>MINOR_CIV_NEFER</MinorCivType>
			<FlavorType>FLAVOR_EXPANSION</FlavorType>
			<Flavor>0</Flavor>
		</Row>
		<Row>
			<MinorCivType>MINOR_CIV_NEFER</MinorCivType>
			<FlavorType>FLAVOR_NUKE</FlavorType>
			<Flavor>0</Flavor>
		</Row>
		<Row>
			<MinorCivType>MINOR_CIV_NEFER</MinorCivType>
			<FlavorType>FLAVOR_WONDER</FlavorType>
			<Flavor>0</Flavor>
		</Row>
		<Row>
			<MinorCivType>MINOR_CIV_NEFER</MinorCivType>
			<FlavorType>FLAVOR_RELIGION</FlavorType>
			<Flavor>10</Flavor>
		</Row>
		<Row>
			<MinorCivType>MINOR_CIV_TRADER_TOWN</MinorCivType>
			<FlavorType>FLAVOR_EXPANSION</FlavorType>
			<Flavor>0</Flavor>
		</Row>
		<Row>
			<MinorCivType>MINOR_CIV_TRADER_TOWN</MinorCivType>
			<FlavorType>FLAVOR_NUKE</FlavorType>
			<Flavor>0</Flavor>
		</Row>
		<Row>
			<MinorCivType>MINOR_CIV_TRADER_TOWN</MinorCivType>
			<FlavorType>FLAVOR_WONDER</FlavorType>
			<Flavor>0</Flavor>
		</Row>
		<Row>
			<MinorCivType>MINOR_CIV_TRADER_TOWN</MinorCivType>
			<FlavorType>FLAVOR_GOLD</FlavorType>
			<Flavor>10</Flavor>
		</Row>
		<Row>
			<MinorCivType>MINOR_CIV_KDATH</MinorCivType>
			<FlavorType>FLAVOR_EXPANSION</FlavorType>
			<Flavor>0</Flavor>
		</Row>
		<Row>
			<MinorCivType>MINOR_CIV_KDATH</MinorCivType>
			<FlavorType>FLAVOR_NUKE</FlavorType>
			<Flavor>0</Flavor>
		</Row>
		<Row>
			<MinorCivType>MINOR_CIV_KDATH</MinorCivType>
			<FlavorType>FLAVOR_WONDER</FlavorType>
			<Flavor>0</Flavor>
		</Row>
		<Row>
			<MinorCivType>MINOR_CIV_KDATH</MinorCivType>
			<FlavorType>FLAVOR_RELIGION</FlavorType>
			<Flavor>10</Flavor>
		</Row>
	</MinorCivilization_Flavors>
</GameData>