<?xml version="1.0" encoding="utf-8"?>
<!-- Created by ModBuddy on 10/13/2012 11:23:26 PM -->
<GameData>
	<Traits>
		<Row>
			<Type>TRAIT_WINTER</Type>
			<Description>TXT_KEY_TRAIT_WINTER</Description>
			<ShortDescription>TXT_KEY_TRAIT_WINTER_SHORT</ShortDescription>
			<LandBarbarianConversionPercent>50</LandBarbarianConversionPercent>
			<LandUnitMaintenanceModifier>-33</LandUnitMaintenanceModifier>
		</Row>
		<Row>
			<Type>TRAIT_BLOOD</Type>
			<Description>TXT_KEY_TRAIT_BLOOD</Description>
			<ShortDescription>TXT_KEY_TRAIT_BLOOD_SHORT</ShortDescription>
			<CityStateCombatModifier>30</CityStateCombatModifier>
		</Row>
		<Row>
			<Type>TRAIT_ROAR</Type>
			<Description>TXT_KEY_TRAIT_ROAR</Description>
			<ShortDescription>TXT_KEY_TRAIT_ROAR_SHORT</ShortDescription>
			<AbleToAnnexCityStates>true</AbleToAnnexCityStates>
		</Row>
		<Row>
			<Type>TRAIT_FURY</Type>
			<Description>TXT_KEY_TRAIT_FURY</Description>
			<ShortDescription>TXT_KEY_TRAIT_FURY_SHORT</ShortDescription>
			<CityStateBonusModifier>50</CityStateBonusModifier>
		</Row>
		<Row>
			<Type>TRAIT_SOW</Type>
			<Description>TXT_KEY_TRAIT_SOW</Description>
			<ShortDescription>TXT_KEY_TRAIT_SOW_SHORT</ShortDescription>
			<ExtraEmbarkMoves>1</ExtraEmbarkMoves>
			<EmbarkedToLandFlatCost>true</EmbarkedToLandFlatCost>
			<EmbarkedAllWater>true</EmbarkedAllWater>
		</Row>
		<Row>
			<Type>TRAIT_LIGHTBRINGER</Type>
			<Description>TXT_KEY_TRAIT_LIGHTBRINGER</Description>
			<ShortDescription>TXT_KEY_TRAIT_LIGHTBRINGER_SHORT</ShortDescription>
			<BonusReligiousBelief>true</BonusReligiousBelief>
			<CombatBonusVsLargerCiv>20</CombatBonusVsLargerCiv>
		</Row>
		<Row>
			<Type>TRAIT_DRAGONBLOOD</Type>
			<Description>TXT_KEY_TRAIT_DRAGONBLOOD</Description>
			<ShortDescription>TXT_KEY_TRAIT_DRAGONBLOOD_SHORT</ShortDescription>
			<CityStateFriendshipModifier>100</CityStateFriendshipModifier>
		</Row>
		<Row>
			<Type>TRAIT_GROWING</Type>
			<Description>TXT_KEY_TRAIT_GROWING</Description>
			<ShortDescription>TXT_KEY_TRAIT_GROWING_SHORT</ShortDescription>
			<CapitalBuildingModifier>25</CapitalBuildingModifier>
		</Row>
		<Row>
			<Type>TRAIT_UNBROKEN</Type>
			<Description>TXT_KEY_TRAIT_UNBROKEN</Description>
			<ShortDescription>TXT_KEY_TRAIT_UNBROKEN_SHORT</ShortDescription>
			<FightWellDamaged>true</FightWellDamaged>
		</Row>
		<Row>
			<Type>TRAIT_FAMILY</Type>
			<Description>TXT_KEY_TRAIT_FAMILY</Description>
			<ShortDescription>TXT_KEY_TRAIT_FAMILY_SHORT</ShortDescription>
			<MoveFriendlyWoodsAsRoad>true</MoveFriendlyWoodsAsRoad>
		</Row>
		<Update>
			<Where Type="TRAIT_CULTURE_FROM_KILLS"/>
			<Set Description="TXT_KEY_TRAIT_HORN" ShortDescription="TXT_KEY_TRAIT_HORN_SHORT"/>
		</Update>
		<Row>
			<Type>TRAIT_SKILLED_TRADE</Type>
			<Description>TXT_KEY_TRAIT_SKILLED_TRADE</Description>
			<ShortDescription>TXT_KEY_TRAIT_SKILLED_TRADE_SHORT</ShortDescription>
			<TradeRouteChange>4</TradeRouteChange>
			<ExtraSpies>1</ExtraSpies>
			<CrossesMountainsAfterGreatGeneral>1</CrossesMountainsAfterGreatGeneral>
		</Row>
	</Traits>
	<Trait_FreePromotionUnitCombats>
		<Row>
			<TraitType>TRAIT_SOW</TraitType>
			<UnitCombatType>UNITCOMBAT_MELEE</UnitCombatType>
			<PromotionType>PROMOTION_FREE_PILLAGE_MOVES</PromotionType>
		</Row>
		<Row>
			<TraitType>TRAIT_SOW</TraitType>
			<UnitCombatType>UNITCOMBAT_MOUNTED</UnitCombatType>
			<PromotionType>PROMOTION_FREE_PILLAGE_MOVES</PromotionType>
		</Row>
		<Row>
			<TraitType>TRAIT_SOW</TraitType>
			<UnitCombatType>UNITCOMBAT_RECON</UnitCombatType>
			<PromotionType>PROMOTION_FREE_PILLAGE_MOVES</PromotionType>
		</Row>
		<Row>
			<TraitType>TRAIT_SOW</TraitType>
			<UnitCombatType>UNITCOMBAT_ARMOR</UnitCombatType>
			<PromotionType>PROMOTION_FREE_PILLAGE_MOVES</PromotionType>
		</Row>
	</Trait_FreePromotionUnitCombats>
	<Trait_MovesChangeUnitCombats>
		<Row>
			<TraitType>TRAIT_BLOOD</TraitType>
			<UnitCombatType>UNITCOMBAT_MOUNTED</UnitCombatType>
			<MovesChange>1</MovesChange>
		</Row>
	</Trait_MovesChangeUnitCombats>
</GameData>